data,plataforma,conta_id,conta_versao,campanha_id,campanha_versao,adset_id,adset_versao,anuncio_id,anuncio_versao,spend,impressions,link_clicks,conversions,conversion_value,video_views,reach,profile_views,purchases,purchase_value,result_type,result_count,result_attribution_window,cost_per_result
2026-06-01,Google Ads,Cliente-474CCCE3,1,Campanha-240FCC4A,1,AdSet-0C4B849A,1,Anuncio-02572F15,1,2.0,100,2,0.0,0.0,1,0,0,0,0,,,,
2026-06-01,Google Ads,Cliente-474CCCE3,1,Campanha-240FCC4A,1,AdSet-B58D4A2B,1,Anuncio-BCC8E364,1,2.0,100,2,0.0,0.0,4,0,0,0,0,,,,
2026-06-01,Google Ads,Cliente-474CCCE3,1,Campanha-29ECA028,1,AdSet-32A0CF45,1,Anuncio-063DC89E,1,12.0,400,8,0.0,0.0,17,0,0,0,0,,,,
2026-06-01,Google Ads,Cliente-474CCCE3,1,Campanha-29ECA028,1,AdSet-32A0CF45,1,Anuncio-9C010327,1,274.0,13747,274,13.7,1644.0,446,0,0,0,0,,,,
2026-06-01,Google Ads,Cliente-474CCCE3,1,Campanha-4A3EDBBB,1,AdSet-A459D4FA,1,Anuncio-B268D8DF,1,8.0,400,8,0.0,0.0,5,0,0,0,0,,,,
2026-06-01,Google Ads,Cliente-474CCCE3,1,Campanha-4A3EDBBB,1,AdSet-F8A7C7CB,1,Anuncio-52CC9067,1,8.0,400,8,0.0,0.0,15,0,0,0,0,,,,
2026-06-01,Google Ads,Cliente-474CCCE3,1,Campanha-6E08A848,1,AdSet-CEC81128,1,Anuncio-3F3F9234,1,800.0,16040,320,16.0,1920.0,742,0,0,0,0,,,,
2026-06-01,Google Ads,Cliente-474CCCE3,1,Campanha-AB3864A1,1,AdSet-B4166F22,1,Anuncio-B8431021,1,484.0,12141,242,12.1,1452.0,711,0,0,0,0,,,,
2026-06-01,Google Ads,Cliente-474CCCE3,1,Campanha-D1925DBA,1,AdSet-10385D7D,1,Anuncio-AAFADDAB,1,60.0,1500,30,0.0,0.0,52,0,0,0,0,,,,
2026-06-01,Google Ads,Cliente-474CCCE3,1,Campanha-D1925DBA,1,AdSet-74D79BE0,1,Anuncio-7CDA6A6E,1,60.0,1500,30,0.0,0.0,33,0,0,0,0,,,,
2026-06-01,Google Ads,Cliente-474CCCE3,1,Campanha-EEA08F81,1,AdSet-21817692,1,Anuncio-1F2C3323,1,15.8,3984,79,3.95,474.0,161,0,0,0,0,,,,
2026-06-01,Google Ads,Cliente-474CCCE3,1,Campanha-EEA08F81,1,AdSet-21817692,1,Anuncio-97F07160,1,66.4,8317,166,8.3,996.0,416,0,0,0,0,,,,
2026-06-01,Google Ads,Cliente-474CCCE3,1,Campanha-EEA08F81,1,AdSet-39668F5E,1,Anuncio-2CD4E792,1,147.2,9203,184,9.2,1104.0,97,0,0,0,0,,,,
2026-06-01,Google Ads,Cliente-540F1743,1,Campanha-5FB26883,1,AdSet-75A9934D,1,Anuncio-0BD68F17,1,0.0,7436,148,7.4,888.0,39,0,0,0,0,,,,
2026-06-01,Google Ads,Cliente-540F1743,1,Campanha-5FB26883,1,AdSet-C9396344,1,Anuncio-71058119,1,0.0,6377,127,6.35,762.0,41,0,0,0,0,,,,
2026-06-01,Google Ads,Cliente-540F1743,1,Campanha-6279950B,1,AdSet-818EA13C,1,Anuncio-2696D408,1,414.2,10947,218,10.9,1308.0,471,0,0,0,0,,,,
2026-06-01,Google Ads,Cliente-540F1743,1,Campanha-6279950B,1,AdSet-EA6C5DBD,1,Anuncio-B9B3D44A,1,152.0,4022,80,4.0,480.0,141,0,0,0,0,,,,
2026-06-01,Meta Ads,Cliente-0D954560,1,Campanha-C132C431,1,AdSet-0E701B9C,1,Anuncio-B54E991E,1,500.5,19285,385,19,0,5474,11097,0,6,720.0,,,,
2026-06-01,Meta Ads,Cliente-0D954560,1,Campanha-C132C431,1,AdSet-FD8E452C,1,Anuncio-281BA058,1,358.8,13844,276,14,0,3888,8980,0,4,480.0,,,,
2026-06-01,Meta Ads,Cliente-0D954560,1,Campanha-E2C66194,1,AdSet-78ECC024,1,Anuncio-1BA82A24,1,234.3,10671,213,0,0,903,8141,0,0,0.0,,,,
2026-06-01,Meta Ads,Cliente-0D954560,1,Campanha-E2C66194,1,AdSet-F3818FF2,1,Anuncio-1039A314,1,160.6,7334,146,0,0,857,6463,0,0,0.0,,,,
2026-06-01,Meta Ads,Cliente-1301E036,1,Campanha-5AA632F6,1,AdSet-15C3C269,1,Anuncio-6C40FF24,1,300.6,8372,167,8,0,1913,6664,0,2,240.0,video_thruplay_watched_actions,1147,default,0.26207498
2026-06-01,Meta Ads,Cliente-1301E036,1,Campanha-5AA632F6,1,AdSet-437F32CF,1,Anuncio-D93BAE53,1,282.6,7861,157,8,0,3394,5713,0,2,240.0,video_thruplay_watched_actions,2036,default,0.13880157
2026-06-01,Meta Ads,Cliente-1301E036,1,Campanha-942DC529,1,AdSet-20AD549D,1,Anuncio-5488E69D,1,166.8,6994,139,7,0,1082,4616,0,2,240.0,video_thruplay_watched_actions,649,default,0.25701079
2026-06-01,Meta Ads,Cliente-1301E036,1,Campanha-A1087A42,1,AdSet-3F3A9FAC,1,Anuncio-08CD3708,1,180.75,12080,241,12,0,4748,10512,0,4,480.0,video_thruplay_watched_actions,2848,default,0.06346559
2026-06-01,Meta Ads,Cliente-1301E036,1,Campanha-A1087A42,1,AdSet-3F3A9FAC,1,Anuncio-92C2AD5A,1,295.45,15554,311,16,0,3891,9527,0,5,600.0,video_thruplay_watched_actions,2334,default,0.12658526
2026-06-01,Meta Ads,Cliente-1301E036,1,Campanha-BAA2D61A,1,AdSet-21718E81,1,Anuncio-7E3C39EB,1,772.8,16130,322,16,0,7220,12886,0,5,600.0,video_thruplay_watched_actions,4332,default,0.17839335
2026-06-01,Meta Ads,Cliente-6ED105CA,1,Campanha-409E3907,1,AdSet-3E655550,1,Anuncio-0888DFA2,1,114.4,2647,52,3,0,610,1925,0,1,120.0,video_thruplay_watched_actions,366,default,0.31256831
2026-06-01,Meta Ads,Cliente-6ED105CA,1,Campanha-86298F91,1,AdSet-D6A72598,1,Anuncio-09915A4E,1,285.0,14281,285,14,0,5576,12169,0,4,480.0,video_thruplay_watched_actions,3345,default,0.08520179
2026-06-01,Meta Ads,Cliente-8595A0B1,1,Campanha-026778BE,1,AdSet-C451AA6E,1,Anuncio-E5CAFB1B,1,407.55,12356,247,12,0,4569,7850,0,4,480.0,actions:offsite_conversion.fb_pixel_lead,12,default,33.96250000
2026-06-01,Meta Ads,Cliente-8595A0B1,1,Campanha-026778BE,1,AdSet-E02677A8,1,Anuncio-6A27FA82,1,158.4,4844,96,5,0,788,3325,0,1,120.0,actions:offsite_conversion.fb_pixel_lead,5,default,31.68000000
2026-06-01,Meta Ads,Cliente-8595A0B1,1,Campanha-571CE57F,1,AdSet-3131F2B0,1,Anuncio-380B9AAD,1,343.2,14304,286,14,0,1821,7983,0,4,480.0,actions:offsite_conversion.fb_pixel_lead,14,default,24.51428571
2026-06-01,Meta Ads,Cliente-8595A0B1,1,Campanha-571CE57F,1,AdSet-B694B472,1,Anuncio-BD202F4B,1,199.2,8307,166,8,0,2620,7467,0,2,240.0,actions:offsite_conversion.fb_pixel_lead,8,default,24.90000000
2026-06-01,Meta Ads,Cliente-8595A0B1,1,Campanha-6C8B5548,1,AdSet-38FD9C4C,1,Anuncio-850EF202,1,232.5,4698,93,5,0,1892,3685,0,1,120.0,actions:offsite_conversion.fb_pixel_lead,5,default,46.50000000
2026-06-01,Meta Ads,Cliente-8595A0B1,1,Campanha-6C8B5548,1,AdSet-D113B19A,1,Anuncio-A30083A9,1,177.5,3554,71,4,0,555,2613,0,1,120.0,actions:offsite_conversion.fb_pixel_lead,4,default,44.37500000
2026-06-01,Meta Ads,Cliente-8595A0B1,1,Campanha-7435AF3B,1,AdSet-A9531AD0,1,Anuncio-E32DE258,1,442.0,22145,442,22,0,7136,17972,0,7,840.0,actions:offsite_conversion.fb_pixel_lead,22,default,20.09090909
2026-06-01,Meta Ads,Cliente-8595A0B1,1,Campanha-80EA63AC,1,AdSet-839FE6F8,1,Anuncio-54AD6415,1,239.5,23968,479,24,0,9052,14721,0,8,960.0,actions:offsite_conversion.fb_pixel_lead,24,default,9.97916667
2026-06-01,Meta Ads,Cliente-8595A0B1,1,Campanha-80EA63AC,1,AdSet-839FE6F8,1,Anuncio-763D8A88,1,187.2,10439,208,10,0,4479,6693,0,3,360.0,actions:offsite_conversion.fb_pixel_lead,10,default,18.72000000
2026-06-01,Meta Ads,Cliente-8595A0B1,1,Campanha-80EA63AC,1,AdSet-839FE6F8,1,Anuncio-AF9B4192,1,113.4,9453,189,9,0,2543,6769,0,3,360.0,actions:offsite_conversion.fb_pixel_lead,9,default,12.60000000
2026-06-01,Meta Ads,Cliente-8595A0B1,1,Campanha-80EA63AC,1,AdSet-839FE6F8,1,Anuncio-F7564EEF,1,43.4,10893,217,11,0,4313,8184,0,3,360.0,actions:offsite_conversion.fb_pixel_lead,11,default,3.94545455
2026-06-01,Meta Ads,Cliente-8595A0B1,1,Campanha-ACFE35BB,1,AdSet-909F3F76,1,Anuncio-B55D4254,1,546.0,18206,364,18,0,6450,15234,0,6,720.0,actions:offsite_conversion.fb_pixel_lead,18,default,30.33333333
2026-06-01,Meta Ads,Cliente-8595A0B1,1,Campanha-D03279CF,1,AdSet-4B62792C,1,Anuncio-2CF462B1,1,132.0,3325,66,3,0,867,2351,0,1,120.0,actions:offsite_conversion.fb_pixel_lead,3,default,44.00000000
2026-06-01,Meta Ads,Cliente-8595A0B1,1,Campanha-D03279CF,1,AdSet-5DC66742,1,Anuncio-6D0AB7AE,1,204.0,5128,102,5,0,1556,3104,0,1,120.0,actions:offsite_conversion.fb_pixel_lead,5,default,40.80000000
2026-06-01,Meta Ads,Cliente-8595A0B1,1,Campanha-D4F4B6F7,1,AdSet-6CA8CD14,1,Anuncio-DEF80DD8,1,61.2,2565,51,1,0,245,2163,0,0,0.0,actions:offsite_conversion.fb_pixel_lead,1,default,61.20000000
2026-06-01,Meta Ads,Cliente-8595A0B1,1,Campanha-D4F4B6F7,1,AdSet-B1087453,1,Anuncio-32A606B5,1,66.0,2760,55,1,0,1202,2468,0,0,0.0,actions:offsite_conversion.fb_pixel_lead,1,default,66.00000000
2026-06-01,Meta Ads,Cliente-AD42A32D,1,Campanha-1605BED1,1,AdSet-F891FAAE,1,Anuncio-2634260D,1,90.0,3788,75,4,0,721,2332,0,1,120.0,,,,
2026-06-01,Meta Ads,Cliente-AD42A32D,1,Campanha-16CF835F,1,AdSet-4A6E7F00,1,Anuncio-ACD3E146,1,1050.4,20227,404,20,0,5640,17982,0,7,840.0,,,,
2026-06-01,Meta Ads,Cliente-AD42A32D,1,Campanha-16CF835F,1,AdSet-6272CAA6,1,Anuncio-A274723C,1,208.0,4015,80,4,0,1389,2434,0,1,120.0,,,,
2026-06-01,Meta Ads,Cliente-AD42A32D,1,Campanha-78D97BE5,1,AdSet-ECF361B8,1,Anuncio-89F19D87,1,501.2,17902,358,18,0,4268,10599,0,6,720.0,,,,
2026-06-01,Meta Ads,Cliente-AD42A32D,1,Campanha-820B11BE,1,AdSet-EBF937FB,1,Anuncio-C6C8C9C1,1,234.0,5879,117,6,0,2033,4049,0,2,240.0,,,,
2026-06-02,Google Ads,Cliente-474CCCE3,1,Campanha-240FCC4A,1,AdSet-0C4B849A,1,Anuncio-02572F15,1,2.0,100,2,0.0,0.0,2,0,0,0,0,,,,
2026-06-02,Google Ads,Cliente-474CCCE3,1,Campanha-240FCC4A,1,AdSet-B58D4A2B,1,Anuncio-BCC8E364,1,2.0,100,2,0.0,0.0,5,0,0,0,0,,,,
2026-06-02,Google Ads,Cliente-474CCCE3,1,Campanha-29ECA028,1,AdSet-32A0CF45,1,Anuncio-063DC89E,1,12.0,400,8,0.0,0.0,11,0,0,0,0,,,,
2026-06-02,Google Ads,Cliente-474CCCE3,1,Campanha-29ECA028,1,AdSet-32A0CF45,1,Anuncio-9C010327,1,230.0,11510,230,11.5,1380.0,452,0,0,0,0,,,,
2026-06-02,Google Ads,Cliente-474CCCE3,1,Campanha-4A3EDBBB,1,AdSet-A459D4FA,1,Anuncio-B268D8DF,1,8.0,400,8,0.0,0.0,2,0,0,0,0,,,,
2026-06-02,Google Ads,Cliente-474CCCE3,1,Campanha-4A3EDBBB,1,AdSet-F8A7C7CB,1,Anuncio-52CC9067,1,8.0,400,8,0.0,0.0,22,0,0,0,0,,,,
2026-06-02,Google Ads,Cliente-474CCCE3,1,Campanha-6E08A848,1,AdSet-CEC81128,1,Anuncio-3F3F9234,1,722.5,14477,289,14.45,1734.0,863,0,0,0,0,,,,
2026-06-02,Google Ads,Cliente-474CCCE3,1,Campanha-AB3864A1,1,AdSet-B4166F22,1,Anuncio-B8431021,1,326.0,8198,163,8.15,978.0,285,0,0,0,0,,,,
2026-06-02,Google Ads,Cliente-474CCCE3,1,Campanha-D1925DBA,1,AdSet-10385D7D,1,Anuncio-AAFADDAB,1,60.0,1500,30,0.0,0.0,71,0,0,0,0,,,,
2026-06-02,Google Ads,Cliente-474CCCE3,1,Campanha-D1925DBA,1,AdSet-74D79BE0,1,Anuncio-7CDA6A6E,1,60.0,1500,30,0.0,0.0,25,0,0,0,0,,,,
2026-06-02,Google Ads,Cliente-474CCCE3,1,Campanha-EEA08F81,1,AdSet-21817692,1,Anuncio-1F2C3323,1,73.0,18254,365,18.25,2190.0,16,0,0,0,0,,,,
2026-06-02,Google Ads,Cliente-474CCCE3,1,Campanha-EEA08F81,1,AdSet-21817692,1,Anuncio-97F07160,1,53.6,6737,134,6.7,804.0,188,0,0,0,0,,,,
2026-06-02,Google Ads,Cliente-474CCCE3,1,Campanha-EEA08F81,1,AdSet-39668F5E,1,Anuncio-2CD4E792,1,36.8,2303,46,2.3,276.0,89,0,0,0,0,,,,
2026-06-02,Google Ads,Cliente-540F1743,1,Campanha-5FB26883,1,AdSet-75A9934D,1,Anuncio-0BD68F17,1,0.0,9338,186,9.3,1116.0,337,0,0,0,0,,,,
2026-06-02,Google Ads,Cliente-540F1743,1,Campanha-5FB26883,1,AdSet-C9396344,1,Anuncio-71058119,1,0.0,6106,122,6.1,732.0,89,0,0,0,0,,,,
2026-06-02,Google Ads,Cliente-540F1743,1,Campanha-6279950B,1,AdSet-818EA13C,1,Anuncio-2696D408,1,568.1,14985,299,14.95,1794.0,162,0,0,0,0,,,,
2026-06-02,Google Ads,Cliente-540F1743,1,Campanha-6279950B,1,AdSet-EA6C5DBD,1,Anuncio-B9B3D44A,1,691.6,18235,364,18.2,2184.0,529,0,0,0,0,,,,
2026-06-02,Google Ads,Cliente-540F1743,1,Campanha-C4346965,1,AdSet-A39E8884,1,Anuncio-3F957FCA,1,315.7,14354,287,14.35,1722.0,481,0,0,0,0,,,,
2026-06-02,Google Ads,Cliente-540F1743,1,Campanha-C4346965,1,AdSet-DDA1CAB0,1,Anuncio-E33942DA,1,177.1,8068,161,8.05,966.0,200,0,0,0,0,,,,
2026-06-02,Meta Ads,Cliente-0D954560,1,Campanha-C132C431,1,AdSet-0E701B9C,1,Anuncio-B54E991E,1,115.7,4463,89,4,0,671,3989,0,1,120.0,,,,
2026-06-02,Meta Ads,Cliente-0D954560,1,Campanha-C132C431,1,AdSet-FD8E452C,1,Anuncio-281BA058,1,53.3,2062,41,2,0,585,1345,0,0,0.0,,,,
2026-06-02,Meta Ads,Cliente-0D954560,1,Campanha-E2C66194,1,AdSet-78ECC024,1,Anuncio-1BA82A24,1,242.0,11021,220,0,0,4805,9747,0,0,0.0,,,,
2026-06-02,Meta Ads,Cliente-0D954560,1,Campanha-E2C66194,1,AdSet-F3818FF2,1,Anuncio-1039A314,1,143.0,6500,130,0,0,1098,5329,0,0,0.0,,,,
2026-06-02,Meta Ads,Cliente-1301E036,1,Campanha-5AA632F6,1,AdSet-15C3C269,1,Anuncio-6C40FF24,1,81.0,2257,45,2,0,293,1466,0,0,0.0,video_thruplay_watched_actions,175,default,0.46285714
2026-06-02,Meta Ads,Cliente-1301E036,1,Campanha-5AA632F6,1,AdSet-437F32CF,1,Anuncio-D93BAE53,1,388.8,10816,216,11,0,1133,7785,0,3,360.0,video_thruplay_watched_actions,679,default,0.57260677
2026-06-02,Meta Ads,Cliente-1301E036,1,Campanha-942DC529,1,AdSet-20AD549D,1,Anuncio-5488E69D,1,157.2,6571,131,7,0,956,4534,0,2,240.0,video_thruplay_watched_actions,573,default,0.27434555
2026-06-02,Meta Ads,Cliente-1301E036,1,Campanha-A1087A42,1,AdSet-3F3A9FAC,1,Anuncio-08CD3708,1,234.75,15684,313,16,0,4365,9455,0,5,600.0,video_thruplay_watched_actions,2619,default,0.08963345
2026-06-02,Meta Ads,Cliente-1301E036,1,Campanha-A1087A42,1,AdSet-3F3A9FAC,1,Anuncio-92C2AD5A,1,244.15,12882,257,13,0,5379,9349,0,4,480.0,video_thruplay_watched_actions,3227,default,0.07565851
2026-06-02,Meta Ads,Cliente-6ED105CA,1,Campanha-409E3907,1,AdSet-3E655550,1,Anuncio-0888DFA2,1,569.8,12998,259,13,0,5557,11338,0,4,480.0,video_thruplay_watched_actions,3334,default,0.17090582
2026-06-02,Meta Ads,Cliente-6ED105CA,1,Campanha-86298F91,1,AdSet-D6A72598,1,Anuncio-09915A4E,1,506.0,25332,506,25,0,3101,21006,0,8,960.0,video_thruplay_watched_actions,1860,default,0.27204301
2026-06-02,Meta Ads,Cliente-8595A0B1,1,Campanha-026778BE,1,AdSet-C451AA6E,1,Anuncio-E5CAFB1B,1,623.7,18930,378,19,0,5592,11572,0,6,720.0,actions:offsite_conversion.fb_pixel_lead,19,default,32.82631579
2026-06-02,Meta Ads,Cliente-8595A0B1,1,Campanha-026778BE,1,AdSet-E02677A8,1,Anuncio-6A27FA82,1,590.7,17927,358,18,0,5850,11238,0,6,720.0,actions:offsite_conversion.fb_pixel_lead,18,default,32.81666667
2026-06-02,Meta Ads,Cliente-8595A0B1,1,Campanha-571CE57F,1,AdSet-3131F2B0,1,Anuncio-380B9AAD,1,128.4,5356,107,5,0,850,4570,0,1,120.0,actions:offsite_conversion.fb_pixel_lead,5,default,25.68000000
2026-06-02,Meta Ads,Cliente-8595A0B1,1,Campanha-571CE57F,1,AdSet-B694B472,1,Anuncio-BD202F4B,1,328.8,13712,274,14,0,5368,10709,0,4,480.0,actions:offsite_conversion.fb_pixel_lead,14,default,23.48571429
2026-06-02,Meta Ads,Cliente-8595A0B1,1,Campanha-6C8B5548,1,AdSet-38FD9C4C,1,Anuncio-850EF202,1,582.5,11692,233,12,0,998,7353,0,4,480.0,actions:offsite_conversion.fb_pixel_lead,12,default,48.54166667
2026-06-02,Meta Ads,Cliente-8595A0B1,1,Campanha-6C8B5548,1,AdSet-D113B19A,1,Anuncio-A30083A9,1,757.5,15175,303,15,0,2884,13637,0,5,600.0,actions:offsite_conversion.fb_pixel_lead,15,default,50.50000000
2026-06-02,Meta Ads,Cliente-8595A0B1,1,Campanha-7435AF3B,1,AdSet-A9531AD0,1,Anuncio-E32DE258,1,420.0,21040,420,21,0,2170,13989,0,7,840.0,actions:offsite_conversion.fb_pixel_lead,21,default,20.00000000
2026-06-02,Meta Ads,Cliente-8595A0B1,1,Campanha-80EA63AC,1,AdSet-839FE6F8,1,Anuncio-54AD6415,1,182.5,18258,365,18,0,7553,15377,0,6,720.0,actions:offsite_conversion.fb_pixel_lead,18,default,10.13888889
2026-06-02,Meta Ads,Cliente-8595A0B1,1,Campanha-80EA63AC,1,AdSet-839FE6F8,1,Anuncio-763D8A88,1,189.9,10583,211,11,0,1898,8001,0,3,360.0,actions:offsite_conversion.fb_pixel_lead,11,default,17.26363636
2026-06-02,Meta Ads,Cliente-8595A0B1,1,Campanha-80EA63AC,1,AdSet-839FE6F8,1,Anuncio-F7564EEF,1,11.4,2850,57,3,0,361,1568,0,1,120.0,actions:offsite_conversion.fb_pixel_lead,3,default,3.80000000
2026-06-02,Meta Ads,Cliente-8595A0B1,1,Campanha-D03279CF,1,AdSet-4B62792C,1,Anuncio-2CF462B1,1,422.0,10578,211,11,0,2505,5887,0,3,360.0,actions:offsite_conversion.fb_pixel_lead,11,default,38.36363636
2026-06-02,Meta Ads,Cliente-8595A0B1,1,Campanha-D03279CF,1,AdSet-5DC66742,1,Anuncio-6D0AB7AE,1,382.0,9567,191,10,0,2158,7663,0,3,360.0,actions:offsite_conversion.fb_pixel_lead,10,default,38.20000000
2026-06-02,Meta Ads,Cliente-8595A0B1,1,Campanha-D4F4B6F7,1,AdSet-6CA8CD14,1,Anuncio-DEF80DD8,1,10.8,485,9,0,0,125,350,0,0,0.0,actions:offsite_conversion.fb_pixel_lead,0,,
2026-06-02,Meta Ads,Cliente-8595A0B1,1,Campanha-D4F4B6F7,1,AdSet-B1087453,1,Anuncio-32A606B5,1,54.0,2257,45,0,0,237,1420,0,0,0.0,actions:offsite_conversion.fb_pixel_lead,0,,
2026-06-02,Meta Ads,Cliente-AD42A32D,1,Campanha-1605BED1,1,AdSet-F891FAAE,1,Anuncio-2634260D,1,432.0,18010,360,18,0,5316,12794,0,6,720.0,,,,
2026-06-02,Meta Ads,Cliente-AD42A32D,1,Campanha-1605BED1,1,AdSet-F891FAAE,1,Anuncio-E9DCB443,1,209.3,14953,299,15,0,5086,12954,0,5,600.0,,,,
2026-06-02,Meta Ads,Cliente-AD42A32D,1,Campanha-16CF835F,1,AdSet-4A6E7F00,1,Anuncio-ACD3E146,1,777.4,14957,299,15,0,4045,10106,0,5,600.0,,,,
2026-06-02,Meta Ads,Cliente-AD42A32D,1,Campanha-16CF835F,1,AdSet-6272CAA6,1,Anuncio-A274723C,1,889.2,17120,342,17,0,3029,10372,0,5,600.0,,,,
2026-06-02,Meta Ads,Cliente-AD42A32D,1,Campanha-78D97BE5,1,AdSet-2C3F076D,1,Anuncio-AE1F9355,1,294.0,10507,210,10,0,1091,8310,0,3,360.0,,,,
2026-06-02,Meta Ads,Cliente-AD42A32D,1,Campanha-78D97BE5,1,AdSet-ECF361B8,1,Anuncio-89F19D87,1,51.8,1866,37,2,0,826,1424,0,0,0.0,,,,
2026-06-02,Meta Ads,Cliente-AD42A32D,1,Campanha-820B11BE,1,AdSet-EBF937FB,1,Anuncio-C6C8C9C1,1,678.0,16985,339,17,0,4833,9971,0,5,600.0,,,,
2026-06-03,Google Ads,Cliente-474CCCE3,1,Campanha-240FCC4A,1,AdSet-0C4B849A,1,Anuncio-02572F15,1,2.0,100,2,0.0,0.0,3,0,0,0,0,,,,
2026-06-03,Google Ads,Cliente-474CCCE3,1,Campanha-240FCC4A,1,AdSet-B58D4A2B,1,Anuncio-BCC8E364,1,2.0,100,2,0.0,0.0,5,0,0,0,0,,,,
2026-06-03,Google Ads,Cliente-474CCCE3,1,Campanha-29ECA028,1,AdSet-32A0CF45,1,Anuncio-063DC89E,1,12.0,400,8,0.0,0.0,19,0,0,0,0,,,,
2026-06-03,Google Ads,Cliente-474CCCE3,1,Campanha-29ECA028,1,AdSet-32A0CF45,1,Anuncio-9C010327,1,243.0,12185,243,12.15,1458.0,371,0,0,0,0,,,,
2026-06-03,Google Ads,Cliente-474CCCE3,1,Campanha-4A3EDBBB,1,AdSet-A459D4FA,1,Anuncio-B268D8DF,1,8.0,400,8,0.0,0.0,3,0,0,0,0,,,,
2026-06-03,Google Ads,Cliente-474CCCE3,1,Campanha-4A3EDBBB,1,AdSet-F8A7C7CB,1,Anuncio-52CC9067,1,8.0,400,8,0.0,0.0,5,0,0,0,0,,,,
2026-06-03,Google Ads,Cliente-474CCCE3,1,Campanha-AB3864A1,1,AdSet-B4166F22,1,Anuncio-B8431021,1,702.0,17566,351,17.55,2106.0,492,0,0,0,0,,,,
2026-06-03,Google Ads,Cliente-474CCCE3,1,Campanha-D1925DBA,1,AdSet-10385D7D,1,Anuncio-AAFADDAB,1,60.0,1500,30,0.0,0.0,64,0,0,0,0,,,,
2026-06-03,Google Ads,Cliente-474CCCE3,1,Campanha-D1925DBA,1,AdSet-74D79BE0,1,Anuncio-7CDA6A6E,1,60.0,1500,30,0.0,0.0,60,0,0,0,0,,,,
2026-06-03,Google Ads,Cliente-474CCCE3,1,Campanha-EEA08F81,1,AdSet-21817692,1,Anuncio-1F2C3323,1,56.4,14143,282,14.1,1692.0,619,0,0,0,0,,,,
2026-06-03,Google Ads,Cliente-474CCCE3,1,Campanha-EEA08F81,1,AdSet-21817692,1,Anuncio-97F07160,1,43.6,5498,109,5.45,654.0,260,0,0,0,0,,,,
2026-06-03,Google Ads,Cliente-474CCCE3,1,Campanha-EEA08F81,1,AdSet-39668F5E,1,Anuncio-2CD4E792,1,52.8,3320,66,3.3,396.0,153,0,0,0,0,,,,
2026-06-03,Google Ads,Cliente-540F1743,1,Campanha-5FB26883,1,AdSet-75A9934D,1,Anuncio-0BD68F17,1,0.0,19026,380,19.0,2280.0,301,0,0,0,0,,,,
2026-06-03,Google Ads,Cliente-540F1743,1,Campanha-5FB26883,1,AdSet-C9396344,1,Anuncio-71058119,1,0.0,10508,210,10.5,1260.0,164,0,0,0,0,,,,
2026-06-03,Google Ads,Cliente-540F1743,1,Campanha-6279950B,1,AdSet-818EA13C,1,Anuncio-2696D408,1,585.2,15429,308,15.4,1848.0,921,0,0,0,0,,,,
2026-06-03,Google Ads,Cliente-540F1743,1,Campanha-6279950B,1,AdSet-EA6C5DBD,1,Anuncio-B9B3D44A,1,568.1,14991,299,14.95,1794.0,807,0,0,0,0,,,,
2026-06-03,Google Ads,Cliente-540F1743,1,Campanha-C4346965,1,AdSet-A39E8884,1,Anuncio-3F957FCA,1,221.1,10064,201,10.05,1206.0,39,0,0,0,0,,,,
2026-06-03,Google Ads,Cliente-540F1743,1,Campanha-C4346965,1,AdSet-DDA1CAB0,1,Anuncio-E33942DA,1,115.5,5264,105,5.25,630.0,188,0,0,0,0,,,,
2026-06-03,Meta Ads,Cliente-0D954560,1,Campanha-C132C431,1,AdSet-0E701B9C,1,Anuncio-B54E991E,1,211.9,8186,163,8,0,2608,5149,0,2,240.0,,,,
2026-06-03,Meta Ads,Cliente-0D954560,1,Campanha-C132C431,1,AdSet-FD8E452C,1,Anuncio-281BA058,1,302.9,11661,233,12,0,4474,10103,0,4,480.0,,,,
2026-06-03,Meta Ads,Cliente-0D954560,1,Campanha-E2C66194,1,AdSet-78ECC024,1,Anuncio-1BA82A24,1,356.4,16235,324,0,0,2099,13320,0,0,0.0,,,,
2026-06-03,Meta Ads,Cliente-0D954560,1,Campanha-E2C66194,1,AdSet-F3818FF2,1,Anuncio-1039A314,1,235.4,10713,214,0,0,4096,6233,0,0,0.0,,,,
2026-06-03,Meta Ads,Cliente-1301E036,1,Campanha-5AA632F6,1,AdSet-15C3C269,1,Anuncio-6C40FF24,1,178.2,4961,99,5,0,1350,3464,0,1,120.0,video_thruplay_watched_actions,810,default,0.22000000
2026-06-03,Meta Ads,Cliente-1301E036,1,Campanha-5AA632F6,1,AdSet-437F32CF,1,Anuncio-D93BAE53,1,385.2,10709,214,11,0,1450,7595,0,3,360.0,video_thruplay_watched_actions,870,default,0.44275862
2026-06-03,Meta Ads,Cliente-1301E036,1,Campanha-942DC529,1,AdSet-20AD549D,1,Anuncio-5488E69D,1,45.6,1943,38,2,0,335,1328,0,0,0.0,video_thruplay_watched_actions,201,default,0.22686567
2026-06-03,Meta Ads,Cliente-1301E036,1,Campanha-A1087A42,1,AdSet-3F3A9FAC,1,Anuncio-08CD3708,1,111.75,7463,149,7,0,2702,4722,0,2,240.0,video_thruplay_watched_actions,1621,default,0.06893893
2026-06-03,Meta Ads,Cliente-1301E036,1,Campanha-A1087A42,1,AdSet-3F3A9FAC,1,Anuncio-92C2AD5A,1,381.9,20144,402,20,0,4789,17831,0,7,840.0,video_thruplay_watched_actions,2873,default,0.13292725
2026-06-03,Meta Ads,Cliente-1301E036,1,Campanha-BAA2D61A,1,AdSet-21718E81,1,Anuncio-7E3C39EB,1,312.0,6536,130,6,0,2505,4324,0,2,240.0,video_thruplay_watched_actions,1503,default,0.20758483
2026-06-03,Meta Ads,Cliente-6ED105CA,1,Campanha-86298F91,1,AdSet-D6A72598,1,Anuncio-09915A4E,1,458.0,22938,458,23,0,9577,19606,0,8,960.0,video_thruplay_watched_actions,5746,default,0.07970762
2026-06-03,Meta Ads,Cliente-8595A0B1,1,Campanha-026778BE,1,AdSet-C451AA6E,1,Anuncio-E5CAFB1B,1,429.0,13028,260,13,0,2382,9916,0,4,480.0,actions:offsite_conversion.fb_pixel_lead,13,default,33.00000000
2026-06-03,Meta Ads,Cliente-8595A0B1,1,Campanha-026778BE,1,AdSet-E02677A8,1,Anuncio-6A27FA82,1,542.85,16479,329,16,0,5314,10257,0,5,600.0,actions:offsite_conversion.fb_pixel_lead,16,default,33.92812500
2026-06-03,Meta Ads,Cliente-8595A0B1,1,Campanha-6C8B5548,1,AdSet-38FD9C4C,1,Anuncio-850EF202,1,597.5,11955,239,12,0,2590,8926,0,4,480.0,actions:offsite_conversion.fb_pixel_lead,12,default,49.79166667
2026-06-03,Meta Ads,Cliente-8595A0B1,1,Campanha-80EA63AC,1,AdSet-839FE6F8,1,Anuncio-54AD6415,1,113.5,11361,227,11,0,3696,7259,0,3,360.0,actions:offsite_conversion.fb_pixel_lead,11,default,10.31818182
2026-06-03,Meta Ads,Cliente-8595A0B1,1,Campanha-80EA63AC,1,AdSet-839FE6F8,1,Anuncio-F7564EEF,1,26.2,6577,131,7,0,2520,3995,0,2,240.0,actions:offsite_conversion.fb_pixel_lead,7,default,3.74285714
2026-06-03,Meta Ads,Cliente-8595A0B1,1,Campanha-D03279CF,1,AdSet-4B62792C,1,Anuncio-2CF462B1,1,752.0,18804,376,19,0,3806,16842,0,6,720.0,actions:offsite_conversion.fb_pixel_lead,19,default,39.57894737
2026-06-03,Meta Ads,Cliente-8595A0B1,1,Campanha-D03279CF,1,AdSet-5DC66742,1,Anuncio-6D0AB7AE,1,524.0,13128,262,13,0,1474,10600,0,4,480.0,actions:offsite_conversion.fb_pixel_lead,13,default,40.30769231
2026-06-03,Meta Ads,Cliente-8595A0B1,1,Campanha-D4F4B6F7,1,AdSet-6CA8CD14,1,Anuncio-DEF80DD8,1,3.6,184,3,0,0,40,118,0,0,0.0,actions:offsite_conversion.fb_pixel_lead,0,,
2026-06-03,Meta Ads,Cliente-8595A0B1,1,Campanha-D4F4B6F7,1,AdSet-B1087453,1,Anuncio-32A606B5,1,8.4,360,7,0,0,156,254,0,0,0.0,actions:offsite_conversion.fb_pixel_lead,0,,
2026-06-03,Meta Ads,Cliente-AD42A32D,1,Campanha-1605BED1,1,AdSet-F891FAAE,1,Anuncio-2634260D,1,52.8,2248,44,2,0,934,1369,0,0,0.0,,,,
2026-06-03,Meta Ads,Cliente-AD42A32D,1,Campanha-1605BED1,1,AdSet-F891FAAE,1,Anuncio-E9DCB443,1,72.8,5243,104,5,0,888,4464,0,1,120.0,,,,
2026-06-03,Meta Ads,Cliente-AD42A32D,1,Campanha-16CF835F,1,AdSet-4A6E7F00,1,Anuncio-ACD3E146,1,1268.8,24434,488,24,0,7713,14058,0,8,960.0,,,,
2026-06-03,Meta Ads,Cliente-AD42A32D,1,Campanha-78D97BE5,1,AdSet-2C3F076D,1,Anuncio-AE1F9355,1,165.2,5934,118,6,0,2603,3930,0,2,240.0,,,,
2026-06-03,Meta Ads,Cliente-AD42A32D,1,Campanha-78D97BE5,1,AdSet-ECF361B8,1,Anuncio-89F19D87,1,331.8,11876,237,12,0,2390,6726,0,4,480.0,,,,
2026-06-03,Meta Ads,Cliente-AD42A32D,1,Campanha-820B11BE,1,AdSet-EBF937FB,1,Anuncio-C6C8C9C1,1,816.0,20447,408,20,0,8481,17173,0,7,840.0,,,,
2026-06-04,Google Ads,Cliente-474CCCE3,1,Campanha-29ECA028,1,AdSet-32A0CF45,1,Anuncio-9C010327,1,258.0,12936,258,12.9,1548.0,204,0,0,0,0,,,,
2026-06-04,Google Ads,Cliente-474CCCE3,1,Campanha-6E08A848,1,AdSet-CEC81128,1,Anuncio-3F3F9234,1,470.0,9417,188,9.4,1128.0,42,0,0,0,0,,,,
2026-06-04,Google Ads,Cliente-474CCCE3,1,Campanha-AB3864A1,1,AdSet-B4166F22,1,Anuncio-B8431021,1,298.0,7465,149,7.45,894.0,419,0,0,0,0,,,,
2026-06-04,Google Ads,Cliente-474CCCE3,1,Campanha-D1925DBA,1,AdSet-10385D7D,1,Anuncio-AAFADDAB,1,60.0,1500,30,0.0,0.0,58,0,0,0,0,,,,
2026-06-04,Google Ads,Cliente-474CCCE3,1,Campanha-D1925DBA,1,AdSet-74D79BE0,1,Anuncio-7CDA6A6E,1,60.0,1500,30,0.0,0.0,78,0,0,0,0,,,,
2026-06-04,Google Ads,Cliente-474CCCE3,1,Campanha-EEA08F81,1,AdSet-21817692,1,Anuncio-97F07160,1,129.2,16164,323,16.15,1938.0,917,0,0,0,0,,,,
2026-06-04,Google Ads,Cliente-474CCCE3,1,Campanha-EEA08F81,1,AdSet-39668F5E,1,Anuncio-2CD4E792,1,134.4,8410,168,8.4,1008.0,199,0,0,0,0,,,,
2026-06-04,Google Ads,Cliente-540F1743,1,Campanha-5FB26883,1,AdSet-75A9934D,1,Anuncio-0BD68F17,1,0.0,7879,157,7.85,942.0,233,0,0,0,0,,,,
2026-06-04,Google Ads,Cliente-540F1743,1,Campanha-5FB26883,1,AdSet-C9396344,1,Anuncio-71058119,1,0.0,15160,303,15.15,1818.0,463,0,0,0,0,,,,
2026-06-04,Google Ads,Cliente-540F1743,1,Campanha-6279950B,1,AdSet-818EA13C,1,Anuncio-2696D408,1,632.7,16672,333,16.65,1998.0,689,0,0,0,0,,,,
2026-06-04,Google Ads,Cliente-540F1743,1,Campanha-6279950B,1,AdSet-EA6C5DBD,1,Anuncio-B9B3D44A,1,651.7,17195,343,17.15,2058.0,10,0,0,0,0,,,,
2026-06-04,Google Ads,Cliente-540F1743,1,Campanha-C4346965,1,AdSet-DDA1CAB0,1,Anuncio-E33942DA,1,324.5,14782,295,14.75,1770.0,261,0,0,0,0,,,,
2026-06-04,Meta Ads,Cliente-0D954560,1,Campanha-C132C431,1,AdSet-0E701B9C,1,Anuncio-B54E991E,1,614.9,23683,473,24,0,6437,19760,0,8,960.0,,,,
2026-06-04,Meta Ads,Cliente-0D954560,1,Campanha-C132C431,1,AdSet-FD8E452C,1,Anuncio-281BA058,1,111.8,4312,86,4,0,1639,3264,0,1,120.0,,,,
2026-06-04,Meta Ads,Cliente-0D954560,1,Campanha-E2C66194,1,AdSet-78ECC024,1,Anuncio-1BA82A24,1,243.1,11053,221,0,0,3869,7818,0,0,0.0,,,,
2026-06-04,Meta Ads,Cliente-0D954560,1,Campanha-E2C66194,1,AdSet-F3818FF2,1,Anuncio-1039A314,1,291.5,13279,265,0,0,3579,8885,0,0,0.0,,,,
2026-06-04,Meta Ads,Cliente-1301E036,1,Campanha-5AA632F6,1,AdSet-15C3C269,1,Anuncio-6C40FF24,1,525.6,14605,292,15,0,6394,11484,0,5,600.0,video_thruplay_watched_actions,3836,default,0.13701773
2026-06-04,Meta Ads,Cliente-1301E036,1,Campanha-5AA632F6,1,AdSet-437F32CF,1,Anuncio-D93BAE53,1,743.4,20686,413,21,0,7882,13263,0,7,840.0,video_thruplay_watched_actions,4729,default,0.15720025
2026-06-04,Meta Ads,Cliente-1301E036,1,Campanha-942DC529,1,AdSet-20AD549D,1,Anuncio-5488E69D,1,96.0,4047,80,4,0,486,3190,0,1,120.0,video_thruplay_watched_actions,291,default,0.32989691
2026-06-04,Meta Ads,Cliente-1301E036,1,Campanha-A1087A42,1,AdSet-3F3A9FAC,1,Anuncio-08CD3708,1,374.25,24954,499,25,0,7848,14980,0,8,960.0,video_thruplay_watched_actions,4708,default,0.07949235
2026-06-04,Meta Ads,Cliente-1301E036,1,Campanha-A1087A42,1,AdSet-3F3A9FAC,1,Anuncio-92C2AD5A,1,54.15,2861,57,3,0,644,2147,0,1,120.0,video_thruplay_watched_actions,386,default,0.14028497
2026-06-04,Meta Ads,Cliente-1301E036,1,Campanha-BAA2D61A,1,AdSet-21718E81,1,Anuncio-7E3C39EB,1,734.4,15301,306,15,0,4707,13451,0,5,600.0,video_thruplay_watched_actions,2824,default,0.26005666
2026-06-04,Meta Ads,Cliente-6ED105CA,1,Campanha-409E3907,1,AdSet-3E655550,1,Anuncio-0888DFA2,1,156.2,3595,71,4,0,483,2105,0,1,120.0,video_thruplay_watched_actions,289,default,0.54048443
2026-06-04,Meta Ads,Cliente-6ED105CA,1,Campanha-86298F91,1,AdSet-D6A72598,1,Anuncio-09915A4E,1,131.0,6589,131,7,0,920,5745,0,2,240.0,video_thruplay_watched_actions,552,default,0.23731884
2026-06-04,Meta Ads,Cliente-8595A0B1,1,Campanha-026778BE,1,AdSet-C451AA6E,1,Anuncio-E5CAFB1B,1,135.3,4139,82,4,0,677,3472,0,1,120.0,actions:offsite_conversion.fb_pixel_lead,4,default,33.82500000
2026-06-04,Meta Ads,Cliente-8595A0B1,1,Campanha-6C8B5548,1,AdSet-38FD9C4C,1,Anuncio-850EF202,1,132.5,2657,53,3,0,596,1517,0,1,120.0,actions:offsite_conversion.fb_pixel_lead,3,default,44.16666667
2026-06-04,Meta Ads,Cliente-8595A0B1,1,Campanha-6C8B5548,1,AdSet-D113B19A,1,Anuncio-A30083A9,1,672.5,13461,269,13,0,2437,11846,0,4,480.0,actions:offsite_conversion.fb_pixel_lead,13,default,51.73076923
2026-06-04,Meta Ads,Cliente-8595A0B1,1,Campanha-7435AF3B,1,AdSet-A9531AD0,1,Anuncio-E32DE258,1,385.0,19266,385,19,0,1639,15588,0,6,720.0,actions:offsite_conversion.fb_pixel_lead,19,default,20.26315789
2026-06-04,Meta Ads,Cliente-8595A0B1,1,Campanha-80EA63AC,1,AdSet-839FE6F8,1,Anuncio-54AD6415,1,205.5,20590,411,21,0,6264,12823,0,7,840.0,actions:offsite_conversion.fb_pixel_lead,21,default,9.78571429
2026-06-04,Meta Ads,Cliente-8595A0B1,1,Campanha-80EA63AC,1,AdSet-839FE6F8,1,Anuncio-763D8A88,1,367.2,20431,408,20,0,4861,11956,0,7,840.0,actions:offsite_conversion.fb_pixel_lead,20,default,18.36000000
2026-06-04,Meta Ads,Cliente-8595A0B1,1,Campanha-80EA63AC,1,AdSet-839FE6F8,1,Anuncio-AF9B4192,1,21.0,1761,35,2,0,375,1058,0,0,0.0,actions:offsite_conversion.fb_pixel_lead,2,default,10.50000000
2026-06-04,Meta Ads,Cliente-8595A0B1,1,Campanha-80EA63AC,1,AdSet-839FE6F8,1,Anuncio-F7564EEF,1,29.6,7411,148,7,0,1503,5070,0,2,240.0,actions:offsite_conversion.fb_pixel_lead,7,default,4.22857143
2026-06-04,Meta Ads,Cliente-8595A0B1,1,Campanha-D03279CF,1,AdSet-4B62792C,1,Anuncio-2CF462B1,1,138.0,3474,69,3,0,1035,2836,0,1,120.0,actions:offsite_conversion.fb_pixel_lead,3,default,46.00000000
2026-06-04,Meta Ads,Cliente-8595A0B1,1,Campanha-D4F4B6F7,1,AdSet-6CA8CD14,1,Anuncio-DEF80DD8,1,16.8,736,14,0,0,132,566,0,0,0.0,actions:offsite_conversion.fb_pixel_lead,0,,
2026-06-04,Meta Ads,Cliente-8595A0B1,1,Campanha-D4F4B6F7,1,AdSet-B1087453,1,Anuncio-32A606B5,1,70.8,2977,59,0,0,876,1655,0,0,0.0,actions:offsite_conversion.fb_pixel_lead,0,,
2026-06-04,Meta Ads,Cliente-AD42A32D,1,Campanha-1605BED1,1,AdSet-F891FAAE,1,Anuncio-2634260D,1,272.4,11355,227,11,0,5004,8227,0,3,360.0,,,,
2026-06-04,Meta Ads,Cliente-AD42A32D,1,Campanha-1605BED1,1,AdSet-F891FAAE,1,Anuncio-E9DCB443,1,130.9,9360,187,9,0,1950,5565,0,3,360.0,,,,
2026-06-04,Meta Ads,Cliente-AD42A32D,1,Campanha-16CF835F,1,AdSet-4A6E7F00,1,Anuncio-ACD3E146,1,244.4,4703,94,5,0,1598,4030,0,1,120.0,,,,
2026-06-04,Meta Ads,Cliente-AD42A32D,1,Campanha-78D97BE5,1,AdSet-2C3F076D,1,Anuncio-AE1F9355,1,123.2,4447,88,4,0,1189,3883,0,1,120.0,,,,
2026-06-04,Meta Ads,Cliente-AD42A32D,1,Campanha-78D97BE5,1,AdSet-ECF361B8,1,Anuncio-89F19D87,1,250.6,8999,179,9,0,1877,5711,0,3,360.0,,,,
2026-06-04,Meta Ads,Cliente-AD42A32D,1,Campanha-820B11BE,1,AdSet-EBF937FB,1,Anuncio-C6C8C9C1,1,432.0,10809,216,11,0,4837,6864,0,3,360.0,,,,
2026-06-05,Google Ads,Cliente-474CCCE3,1,Campanha-29ECA028,1,AdSet-32A0CF45,1,Anuncio-9C010327,1,204.0,10229,204,10.2,1224.0,538,0,0,0,0,,,,
2026-06-05,Google Ads,Cliente-474CCCE3,1,Campanha-6E08A848,1,AdSet-CEC81128,1,Anuncio-3F3F9234,1,1035.0,20743,414,20.7,2484.0,195,0,0,0,0,,,,
2026-06-05,Google Ads,Cliente-474CCCE3,1,Campanha-AB3864A1,1,AdSet-B4166F22,1,Anuncio-B8431021,1,186.0,4684,93,4.65,558.0,29,0,0,0,0,,,,
2026-06-05,Google Ads,Cliente-474CCCE3,1,Campanha-D1925DBA,1,AdSet-10385D7D,1,Anuncio-AAFADDAB,1,60.0,1500,30,0.0,0.0,18,0,0,0,0,,,,
2026-06-05,Google Ads,Cliente-474CCCE3,1,Campanha-D1925DBA,1,AdSet-74D79BE0,1,Anuncio-7CDA6A6E,1,60.0,1500,30,0.0,0.0,13,0,0,0,0,,,,
2026-06-05,Google Ads,Cliente-474CCCE3,1,Campanha-EEA08F81,1,AdSet-21817692,1,Anuncio-1F2C3323,1,10.0,2545,50,2.5,300.0,115,0,0,0,0,,,,
2026-06-05,Google Ads,Cliente-474CCCE3,1,Campanha-EEA08F81,1,AdSet-21817692,1,Anuncio-97F07160,1,134.8,16876,337,16.85,2022.0,309,0,0,0,0,,,,
2026-06-05,Google Ads,Cliente-474CCCE3,1,Campanha-EEA08F81,1,AdSet-39668F5E,1,Anuncio-2CD4E792,1,328.0,20522,410,20.5,2460.0,842,0,0,0,0,,,,
2026-06-05,Google Ads,Cliente-540F1743,1,Campanha-5FB26883,1,AdSet-75A9934D,1,Anuncio-0BD68F17,1,0.0,15591,311,15.55,1866.0,752,0,0,0,0,,,,
2026-06-05,Google Ads,Cliente-540F1743,1,Campanha-5FB26883,1,AdSet-C9396344,1,Anuncio-71058119,1,0.0,22569,451,22.55,2706.0,272,0,0,0,0,,,,
2026-06-05,Google Ads,Cliente-540F1743,1,Campanha-6279950B,1,AdSet-818EA13C,1,Anuncio-2696D408,1,429.4,11333,226,11.3,1356.0,475,0,0,0,0,,,,
2026-06-05,Google Ads,Cliente-540F1743,1,Campanha-6279950B,1,AdSet-EA6C5DBD,1,Anuncio-B9B3D44A,1,343.9,9069,181,9.05,1086.0,97,0,0,0,0,,,,
2026-06-05,Google Ads,Cliente-540F1743,1,Campanha-C4346965,1,AdSet-A39E8884,1,Anuncio-3F957FCA,1,408.1,18550,371,18.55,2226.0,940,0,0,0,0,,,,
2026-06-05,Google Ads,Cliente-540F1743,1,Campanha-C4346965,1,AdSet-DDA1CAB0,1,Anuncio-E33942DA,1,300.3,13659,273,13.65,1638.0,794,0,0,0,0,,,,
2026-06-05,Meta Ads,Cliente-0D954560,1,Campanha-C132C431,1,AdSet-0E701B9C,1,Anuncio-B54E991E,1,488.8,18845,376,19,0,1861,10765,0,6,720.0,,,,
2026-06-05,Meta Ads,Cliente-0D954560,1,Campanha-C132C431,1,AdSet-FD8E452C,1,Anuncio-281BA058,1,63.7,2486,49,2,0,233,1950,0,0,0.0,,,,
2026-06-05,Meta Ads,Cliente-0D954560,1,Campanha-E2C66194,1,AdSet-78ECC024,1,Anuncio-1BA82A24,1,86.9,3954,79,0,0,701,3326,0,0,0.0,,,,
2026-06-05,Meta Ads,Cliente-0D954560,1,Campanha-E2C66194,1,AdSet-F3818FF2,1,Anuncio-1039A314,1,323.4,14747,294,0,0,4581,8253,0,0,0.0,,,,
2026-06-05,Meta Ads,Cliente-1301E036,1,Campanha-5AA632F6,1,AdSet-437F32CF,1,Anuncio-D93BAE53,1,136.8,3800,76,4,0,1507,2829,0,1,120.0,video_thruplay_watched_actions,904,default,0.15132743
2026-06-05,Meta Ads,Cliente-1301E036,1,Campanha-A1087A42,1,AdSet-3F3A9FAC,1,Anuncio-08CD3708,1,337.5,22540,450,22,0,5500,17347,0,7,840.0,video_thruplay_watched_actions,3300,default,0.10227273
2026-06-05,Meta Ads,Cliente-1301E036,1,Campanha-BAA2D61A,1,AdSet-21718E81,1,Anuncio-7E3C39EB,1,304.8,6377,127,6,0,2658,5262,0,2,240.0,video_thruplay_watched_actions,1594,default,0.19121706
2026-06-05,Meta Ads,Cliente-6ED105CA,1,Campanha-409E3907,1,AdSet-3E655550,1,Anuncio-0888DFA2,1,525.8,11977,239,12,0,2252,8659,0,4,480.0,video_thruplay_watched_actions,1351,default,0.38919319
2026-06-05,Meta Ads,Cliente-6ED105CA,1,Campanha-86298F91,1,AdSet-D6A72598,1,Anuncio-09915A4E,1,236.0,11835,236,12,0,4123,8195,0,4,480.0,video_thruplay_watched_actions,2473,default,0.09543065
2026-06-05,Meta Ads,Cliente-8595A0B1,1,Campanha-026778BE,1,AdSet-C451AA6E,1,Anuncio-E5CAFB1B,1,216.15,6569,131,7,0,1542,4798,0,2,240.0,actions:offsite_conversion.fb_pixel_lead,7,default,30.87857143
2026-06-05,Meta Ads,Cliente-8595A0B1,1,Campanha-026778BE,1,AdSet-E02677A8,1,Anuncio-6A27FA82,1,534.6,16242,324,16,0,1883,9649,0,5,600.0,actions:offsite_conversion.fb_pixel_lead,16,default,33.41250000
2026-06-05,Meta Ads,Cliente-8595A0B1,1,Campanha-6C8B5548,1,AdSet-38FD9C4C,1,Anuncio-850EF202,1,327.5,6577,131,7,0,2941,5380,0,2,240.0,actions:offsite_conversion.fb_pixel_lead,7,default,46.78571429
2026-06-05,Meta Ads,Cliente-8595A0B1,1,Campanha-7435AF3B,1,AdSet-A9531AD0,1,Anuncio-E32DE258,1,187.0,9353,187,9,0,872,7106,0,3,360.0,actions:offsite_conversion.fb_pixel_lead,9,default,20.77777778
2026-06-05,Meta Ads,Cliente-8595A0B1,1,Campanha-80EA63AC,1,AdSet-839FE6F8,1,Anuncio-54AD6415,1,45.0,4519,90,4,0,1647,3396,0,1,120.0,actions:offsite_conversion.fb_pixel_lead,4,default,11.25000000
2026-06-05,Meta Ads,Cliente-8595A0B1,1,Campanha-80EA63AC,1,AdSet-839FE6F8,1,Anuncio-763D8A88,1,151.2,8411,168,8,0,2864,6022,0,2,240.0,actions:offsite_conversion.fb_pixel_lead,8,default,18.90000000
2026-06-05,Meta Ads,Cliente-8595A0B1,1,Campanha-80EA63AC,1,AdSet-839FE6F8,1,Anuncio-AF9B4192,1,68.4,5721,114,6,0,1133,4084,0,2,240.0,actions:offsite_conversion.fb_pixel_lead,6,default,11.40000000
2026-06-05,Meta Ads,Cliente-8595A0B1,1,Campanha-ACFE35BB,1,AdSet-909F3F76,1,Anuncio-B55D4254,1,51.0,1729,34,2,0,706,1226,0,0,0.0,actions:offsite_conversion.fb_pixel_lead,2,default,25.50000000
2026-06-05,Meta Ads,Cliente-8595A0B1,1,Campanha-D03279CF,1,AdSet-5DC66742,1,Anuncio-6D0AB7AE,1,536.0,13405,268,13,0,3639,11996,0,4,480.0,actions:offsite_conversion.fb_pixel_lead,13,default,41.23076923
2026-06-05,Meta Ads,Cliente-8595A0B1,1,Campanha-D4F4B6F7,1,AdSet-6CA8CD14,1,Anuncio-DEF80DD8,1,19.2,814,16,0,0,323,583,0,0,0.0,actions:offsite_conversion.fb_pixel_lead,0,,
2026-06-05,Meta Ads,Cliente-8595A0B1,1,Campanha-D4F4B6F7,1,AdSet-B1087453,1,Anuncio-32A606B5,1,57.6,2414,48,0,0,794,1701,0,0,0.0,actions:offsite_conversion.fb_pixel_lead,0,,
2026-06-05,Meta Ads,Cliente-AD42A32D,1,Campanha-1605BED1,1,AdSet-F891FAAE,1,Anuncio-2634260D,1,478.8,19970,399,20,0,2341,15560,0,7,840.0,,,,
2026-06-05,Meta Ads,Cliente-AD42A32D,1,Campanha-1605BED1,1,AdSet-F891FAAE,1,Anuncio-E9DCB443,1,269.5,19275,385,19,0,6702,15950,0,6,720.0,,,,
2026-06-05,Meta Ads,Cliente-AD42A32D,1,Campanha-16CF835F,1,AdSet-4A6E7F00,1,Anuncio-ACD3E146,1,101.4,1962,39,2,0,703,1640,0,0,0.0,,,,
2026-06-05,Meta Ads,Cliente-AD42A32D,1,Campanha-16CF835F,1,AdSet-6272CAA6,1,Anuncio-A274723C,1,1123.2,21616,432,22,0,4344,19389,0,7,840.0,,,,
2026-06-05,Meta Ads,Cliente-AD42A32D,1,Campanha-78D97BE5,1,AdSet-2C3F076D,1,Anuncio-AE1F9355,1,504.0,18018,360,18,0,1629,12054,0,6,720.0,,,,
2026-06-05,Meta Ads,Cliente-AD42A32D,1,Campanha-78D97BE5,1,AdSet-ECF361B8,1,Anuncio-89F19D87,1,422.8,15132,302,15,0,5077,11482,0,5,600.0,,,,
2026-06-05,Meta Ads,Cliente-AD42A32D,1,Campanha-820B11BE,1,AdSet-EBF937FB,1,Anuncio-C6C8C9C1,1,810.0,20298,405,20,0,8774,15712,0,7,840.0,,,,
2026-06-06,Google Ads,Cliente-474CCCE3,1,Campanha-29ECA028,1,AdSet-32A0CF45,1,Anuncio-2FF839A3,1,96.0,2401,48,2.4,288.0,53,0,0,0,0,,,,
2026-06-06,Google Ads,Cliente-474CCCE3,1,Campanha-29ECA028,1,AdSet-32A0CF45,1,Anuncio-9C010327,1,139.0,6986,139,6.95,834.0,90,0,0,0,0,,,,
2026-06-06,Google Ads,Cliente-474CCCE3,1,Campanha-29ECA028,1,AdSet-32A0CF45,1,Anuncio-A76D1B5E,1,367.5,12276,245,12.25,1470.0,515,0,0,0,0,,,,
2026-06-06,Google Ads,Cliente-474CCCE3,1,Campanha-729BD069,1,AdSet-79BE6F30,1,Anuncio-4CF83B7A,1,149.5,5778,115,5.75,690.0,103,0,0,0,0,,,,
2026-06-06,Google Ads,Cliente-474CCCE3,1,Campanha-729BD069,1,AdSet-79BE6F30,1,Anuncio-6B4F96B4,1,98.0,4922,98,4.9,588.0,12,0,0,0,0,,,,
2026-06-06,Google Ads,Cliente-474CCCE3,1,Campanha-729BD069,1,AdSet-79BE6F30,1,Anuncio-EB7DCF15,1,106.4,13331,266,13.3,1596.0,199,0,0,0,0,,,,
2026-06-06,Google Ads,Cliente-474CCCE3,1,Campanha-AB3864A1,1,AdSet-B4166F22,1,Anuncio-B8431021,1,466.0,11692,233,11.65,1398.0,663,0,0,0,0,,,,
2026-06-06,Google Ads,Cliente-474CCCE3,1,Campanha-EEA08F81,1,AdSet-21817692,1,Anuncio-97F07160,1,32.4,4054,81,4.05,486.0,211,0,0,0,0,,,,
2026-06-06,Google Ads,Cliente-474CCCE3,1,Campanha-EEA08F81,1,AdSet-39668F5E,1,Anuncio-2140A52E,1,72.0,6048,120,6.0,720.0,276,0,0,0,0,,,,
2026-06-06,Google Ads,Cliente-474CCCE3,1,Campanha-EEA08F81,1,AdSet-39668F5E,1,Anuncio-2CD4E792,1,132.0,8259,165,8.25,990.0,457,0,0,0,0,,,,
2026-06-06,Google Ads,Cliente-540F1743,1,Campanha-5FB26883,1,AdSet-75A9934D,1,Anuncio-0BD68F17,1,0.0,13862,277,13.85,1662.0,655,0,0,0,0,,,,
2026-06-06,Google Ads,Cliente-540F1743,1,Campanha-5FB26883,1,AdSet-C9396344,1,Anuncio-71058119,1,0.0,14908,298,14.9,1788.0,104,0,0,0,0,,,,
2026-06-06,Google Ads,Cliente-540F1743,1,Campanha-6279950B,1,AdSet-818EA13C,1,Anuncio-2696D408,1,214.7,5693,113,5.65,678.0,278,0,0,0,0,,,,
2026-06-06,Google Ads,Cliente-540F1743,1,Campanha-6279950B,1,AdSet-EA6C5DBD,1,Anuncio-B9B3D44A,1,144.4,3810,76,3.8,456.0,110,0,0,0,0,,,,
2026-06-06,Google Ads,Cliente-540F1743,1,Campanha-C4346965,1,AdSet-A39E8884,1,Anuncio-3F957FCA,1,15.4,723,14,0.7,84.0,15,0,0,0,0,,,,
2026-06-06,Google Ads,Cliente-540F1743,1,Campanha-C4346965,1,AdSet-DDA1CAB0,1,Anuncio-E33942DA,1,123.2,5614,112,5.6,672.0,315,0,0,0,0,,,,
2026-06-06,Meta Ads,Cliente-0D954560,1,Campanha-C132C431,1,AdSet-0E701B9C,1,Anuncio-B54E991E,1,379.6,14639,292,15,0,6270,12869,0,5,600.0,,,,
2026-06-06,Meta Ads,Cliente-0D954560,1,Campanha-C132C431,1,AdSet-FD8E452C,1,Anuncio-281BA058,1,39.0,1536,30,2,0,314,1258,0,0,0.0,,,,
2026-06-06,Meta Ads,Cliente-0D954560,1,Campanha-E2C66194,1,AdSet-78ECC024,1,Anuncio-1BA82A24,1,205.7,9380,187,0,0,3646,5631,0,0,0.0,,,,
2026-06-06,Meta Ads,Cliente-0D954560,1,Campanha-E2C66194,1,AdSet-F3818FF2,1,Anuncio-1039A314,1,90.2,4145,82,0,0,1145,2726,0,0,0.0,,,,
2026-06-06,Meta Ads,Cliente-1301E036,1,Campanha-5AA632F6,1,AdSet-15C3C269,1,Anuncio-6C40FF24,1,423.0,11798,235,12,0,2032,10539,0,4,480.0,video_thruplay_watched_actions,1219,default,0.34700574
2026-06-06,Meta Ads,Cliente-1301E036,1,Campanha-5AA632F6,1,AdSet-437F32CF,1,Anuncio-D93BAE53,1,480.6,13387,267,13,0,4431,11806,0,4,480.0,video_thruplay_watched_actions,2658,default,0.18081264
2026-06-06,Meta Ads,Cliente-1301E036,1,Campanha-942DC529,1,AdSet-20AD549D,1,Anuncio-5488E69D,1,273.6,11407,228,11,0,3856,7115,0,3,360.0,video_thruplay_watched_actions,2313,default,0.11828794
2026-06-06,Meta Ads,Cliente-1301E036,1,Campanha-942DC529,1,AdSet-33DED8F4,1,Anuncio-E2BBB95C,1,104.4,4397,87,4,0,1504,2720,0,1,120.0,video_thruplay_watched_actions,902,default,0.11574279
2026-06-06,Meta Ads,Cliente-1301E036,1,Campanha-A1087A42,1,AdSet-3F3A9FAC,1,Anuncio-08CD3708,1,93.75,6262,125,6,0,899,4965,0,2,240.0,video_thruplay_watched_actions,539,default,0.17393321
2026-06-06,Meta Ads,Cliente-1301E036,1,Campanha-A1087A42,1,AdSet-3F3A9FAC,1,Anuncio-19D03D54,1,33.0,6618,132,7,0,1762,4412,0,2,240.0,video_thruplay_watched_actions,1057,default,0.03122044
2026-06-06,Meta Ads,Cliente-1301E036,1,Campanha-A1087A42,1,AdSet-3F3A9FAC,1,Anuncio-1F0B0200,1,34.2,3813,76,4,0,615,2688,0,1,120.0,video_thruplay_watched_actions,369,default,0.09268293
2026-06-06,Meta Ads,Cliente-1301E036,1,Campanha-A1087A42,1,AdSet-3F3A9FAC,1,Anuncio-92C2AD5A,1,287.85,15194,303,15,0,3763,11787,0,5,600.0,video_thruplay_watched_actions,2257,default,0.12753655
2026-06-06,Meta Ads,Cliente-6ED105CA,1,Campanha-86298F91,1,AdSet-D6A72598,1,Anuncio-09915A4E,1,316.0,15846,316,16,0,5164,10262,0,5,600.0,video_thruplay_watched_actions,3098,default,0.10200129
2026-06-06,Meta Ads,Cliente-8595A0B1,1,Campanha-026778BE,1,AdSet-C451AA6E,1,Anuncio-E5CAFB1B,1,222.75,6779,135,7,0,797,5842,0,2,240.0,actions:offsite_conversion.fb_pixel_lead,7,default,31.82142857
2026-06-06,Meta Ads,Cliente-8595A0B1,1,Campanha-026778BE,1,AdSet-E02677A8,1,Anuncio-6A27FA82,1,424.05,12884,257,13,0,2566,10577,0,4,480.0,actions:offsite_conversion.fb_pixel_lead,13,default,32.61923077
2026-06-06,Meta Ads,Cliente-8595A0B1,1,Campanha-6C8B5548,1,AdSet-D113B19A,1,Anuncio-A30083A9,1,102.5,2081,41,2,0,378,1199,0,0,0.0,actions:offsite_conversion.fb_pixel_lead,2,default,51.25000000
2026-06-06,Meta Ads,Cliente-8595A0B1,1,Campanha-7435AF3B,1,AdSet-A9531AD0,1,Anuncio-E32DE258,1,19.0,969,19,1,0,77,623,0,0,0.0,actions:offsite_conversion.fb_pixel_lead,1,default,19.00000000
2026-06-06,Meta Ads,Cliente-8595A0B1,1,Campanha-7435AF3B,1,AdSet-AB8B0426,1,Anuncio-DA061972,1,259.0,12990,259,13,0,4511,9427,0,4,480.0,actions:offsite_conversion.fb_pixel_lead,13,default,19.92307692
2026-06-06,Meta Ads,Cliente-8595A0B1,1,Campanha-80EA63AC,1,AdSet-839FE6F8,1,Anuncio-54AD6415,1,25.0,2511,50,2,0,1026,1587,0,0,0.0,actions:offsite_conversion.fb_pixel_lead,2,default,12.50000000
2026-06-06,Meta Ads,Cliente-8595A0B1,1,Campanha-80EA63AC,1,AdSet-839FE6F8,1,Anuncio-763D8A88,1,120.6,6731,134,7,0,2088,4885,0,2,240.0,actions:offsite_conversion.fb_pixel_lead,7,default,17.22857143
2026-06-06,Meta Ads,Cliente-8595A0B1,1,Campanha-80EA63AC,1,AdSet-839FE6F8,1,Anuncio-F7564EEF,1,51.2,12813,256,13,0,4476,11463,0,4,480.0,actions:offsite_conversion.fb_pixel_lead,13,default,3.93846154
2026-06-06,Meta Ads,Cliente-8595A0B1,1,Campanha-ACFE35BB,1,AdSet-909F3F76,1,Anuncio-B55D4254,1,235.5,7876,157,8,0,2653,6197,0,2,240.0,actions:offsite_conversion.fb_pixel_lead,8,default,29.43750000
2026-06-06,Meta Ads,Cliente-8595A0B1,1,Campanha-D03279CF,1,AdSet-4B62792C,1,Anuncio-2CF462B1,1,104.0,2603,52,3,0,349,1730,0,1,120.0,actions:offsite_conversion.fb_pixel_lead,3,default,34.66666667
2026-06-06,Meta Ads,Cliente-8595A0B1,1,Campanha-D03279CF,1,AdSet-5DC66742,1,Anuncio-6D0AB7AE,1,226.0,5656,113,6,0,2144,4396,0,2,240.0,actions:offsite_conversion.fb_pixel_lead,6,default,37.66666667
2026-06-06,Meta Ads,Cliente-8595A0B1,1,Campanha-D4F4B6F7,1,AdSet-6CA8CD14,1,Anuncio-DEF80DD8,1,24.0,1014,20,0,0,369,608,0,0,0.0,actions:offsite_conversion.fb_pixel_lead,0,,
2026-06-06,Meta Ads,Cliente-8595A0B1,1,Campanha-D4F4B6F7,1,AdSet-B1087453,1,Anuncio-32A606B5,1,26.4,1104,22,0,0,154,695,0,0,0.0,actions:offsite_conversion.fb_pixel_lead,0,,
2026-06-06,Meta Ads,Cliente-AD42A32D,1,Campanha-1605BED1,1,AdSet-F891FAAE,1,Anuncio-293DED4C,1,56.4,7057,141,7,0,1164,4278,0,2,240.0,,,,
2026-06-06,Meta Ads,Cliente-AD42A32D,1,Campanha-1605BED1,1,AdSet-F891FAAE,1,Anuncio-E9DCB443,1,67.2,4840,96,5,0,536,3563,0,1,120.0,,,,
2026-06-06,Meta Ads,Cliente-AD42A32D,1,Campanha-16CF835F,1,AdSet-4A6E7F00,1,Anuncio-ACD3E146,1,148.2,2882,57,3,0,283,1901,0,1,120.0,,,,
2026-06-06,Meta Ads,Cliente-AD42A32D,1,Campanha-16CF835F,1,AdSet-6272CAA6,1,Anuncio-A274723C,1,148.2,2868,57,3,0,526,1708,0,1,120.0,,,,
2026-06-06,Meta Ads,Cliente-AD42A32D,1,Campanha-78D97BE5,1,AdSet-ECF361B8,1,Anuncio-89F19D87,1,282.8,10148,202,10,0,1197,8359,0,3,360.0,,,,
2026-06-06,Meta Ads,Cliente-AD42A32D,1,Campanha-820B11BE,1,AdSet-EBF937FB,1,Anuncio-C6C8C9C1,1,396.0,9905,198,10,0,2135,6817,0,3,360.0,,,,
2026-06-07,Google Ads,Cliente-474CCCE3,1,Campanha-29ECA028,1,AdSet-32A0CF45,1,Anuncio-2FF839A3,1,466.0,11651,233,11.65,1398.0,570,0,0,0,0,,,,
2026-06-07,Google Ads,Cliente-474CCCE3,1,Campanha-29ECA028,1,AdSet-32A0CF45,1,Anuncio-9C010327,1,260.0,13006,260,13.0,1560.0,454,0,0,0,0,,,,
2026-06-07,Google Ads,Cliente-474CCCE3,1,Campanha-29ECA028,1,AdSet-32A0CF45,1,Anuncio-A76D1B5E,1,178.5,5958,119,5.95,714.0,54,0,0,0,0,,,,
2026-06-07,Google Ads,Cliente-474CCCE3,1,Campanha-6E08A848,1,AdSet-CEC81128,1,Anuncio-3F3F9234,1,217.5,4353,87,4.35,522.0,203,0,0,0,0,,,,
2026-06-07,Google Ads,Cliente-474CCCE3,1,Campanha-6E08A848,1,AdSet-D35341B0,1,Anuncio-FC062A4B,1,667.5,13382,267,13.35,1602.0,44,0,0,0,0,,,,
2026-06-07,Google Ads,Cliente-474CCCE3,1,Campanha-729BD069,1,AdSet-79BE6F30,1,Anuncio-4CF83B7A,1,72.8,2800,56,2.8,336.0,143,0,0,0,0,,,,
2026-06-07,Google Ads,Cliente-474CCCE3,1,Campanha-729BD069,1,AdSet-79BE6F30,1,Anuncio-6B4F96B4,1,147.0,7366,147,7.35,882.0,276,0,0,0,0,,,,
2026-06-07,Google Ads,Cliente-474CCCE3,1,Campanha-729BD069,1,AdSet-79BE6F30,1,Anuncio-EB7DCF15,1,67.6,8462,169,8.45,1014.0,50,0,0,0,0,,,,
2026-06-07,Google Ads,Cliente-474CCCE3,1,Campanha-AB3864A1,1,AdSet-5D96CA07,1,Anuncio-44D65130,1,442.0,11067,221,11.05,1326.0,140,0,0,0,0,,,,
2026-06-07,Google Ads,Cliente-474CCCE3,1,Campanha-AB3864A1,1,AdSet-B4166F22,1,Anuncio-B8431021,1,142.0,3584,71,3.55,426.0,79,0,0,0,0,,,,
2026-06-07,Google Ads,Cliente-474CCCE3,1,Campanha-EEA08F81,1,AdSet-21817692,1,Anuncio-1F2C3323,1,15.4,3856,77,3.85,462.0,157,0,0,0,0,,,,
2026-06-07,Google Ads,Cliente-474CCCE3,1,Campanha-EEA08F81,1,AdSet-21817692,1,Anuncio-97F07160,1,25.2,3182,63,3.15,378.0,88,0,0,0,0,,,,
2026-06-07,Google Ads,Cliente-474CCCE3,1,Campanha-EEA08F81,1,AdSet-39668F5E,1,Anuncio-2140A52E,1,30.0,2506,50,2.5,300.0,7,0,0,0,0,,,,
2026-06-07,Google Ads,Cliente-474CCCE3,1,Campanha-EEA08F81,1,AdSet-39668F5E,1,Anuncio-2CD4E792,1,24.8,1550,31,1.55,186.0,21,0,0,0,0,,,,
2026-06-07,Google Ads,Cliente-540F1743,1,Campanha-5FB26883,1,AdSet-75A9934D,1,Anuncio-0BD68F17,1,0.0,12043,240,12.0,1440.0,702,0,0,0,0,,,,
2026-06-07,Google Ads,Cliente-540F1743,1,Campanha-5FB26883,1,AdSet-C9396344,1,Anuncio-71058119,1,0.0,12595,251,12.55,1506.0,13,0,0,0,0,,,,
2026-06-07,Google Ads,Cliente-540F1743,1,Campanha-6279950B,1,AdSet-818EA13C,1,Anuncio-2696D408,1,176.7,4680,93,4.65,558.0,69,0,0,0,0,,,,
2026-06-07,Google Ads,Cliente-540F1743,1,Campanha-6279950B,1,AdSet-EA6C5DBD,1,Anuncio-B9B3D44A,1,429.4,11315,226,11.3,1356.0,398,0,0,0,0,,,,
2026-06-07,Google Ads,Cliente-540F1743,1,Campanha-C4346965,1,AdSet-A39E8884,1,Anuncio-3F957FCA,1,90.2,4115,82,4.1,492.0,74,0,0,0,0,,,,
2026-06-07,Google Ads,Cliente-540F1743,1,Campanha-C4346965,1,AdSet-DDA1CAB0,1,Anuncio-E33942DA,1,231.0,10538,210,10.5,1260.0,547,0,0,0,0,,,,
2026-06-07,Meta Ads,Cliente-0D954560,1,Campanha-C132C431,1,AdSet-0E701B9C,1,Anuncio-B54E991E,1,252.2,9707,194,10,0,1262,7095,0,3,360.0,,,,
2026-06-07,Meta Ads,Cliente-0D954560,1,Campanha-C132C431,1,AdSet-FD8E452C,1,Anuncio-281BA058,1,221.0,8500,170,8,0,795,7422,0,2,240.0,,,,
2026-06-07,Meta Ads,Cliente-0D954560,1,Campanha-E2C66194,1,AdSet-78ECC024,1,Anuncio-1BA82A24,1,162.8,7422,148,0,0,1650,6153,0,0,0.0,,,,
2026-06-07,Meta Ads,Cliente-0D954560,1,Campanha-E2C66194,1,AdSet-F3818FF2,1,Anuncio-1039A314,1,304.7,13869,277,0,0,3441,7916,0,0,0.0,,,,
2026-06-07,Meta Ads,Cliente-1301E036,1,Campanha-5AA632F6,1,AdSet-15C3C269,1,Anuncio-6C40FF24,1,430.2,11952,239,12,0,2088,7136,0,4,480.0,video_thruplay_watched_actions,1252,default,0.34361022
2026-06-07,Meta Ads,Cliente-1301E036,1,Campanha-5AA632F6,1,AdSet-437F32CF,1,Anuncio-D93BAE53,1,109.8,3060,61,3,0,1248,2256,0,1,120.0,video_thruplay_watched_actions,748,default,0.14679144
2026-06-07,Meta Ads,Cliente-1301E036,1,Campanha-942DC529,1,AdSet-20AD549D,1,Anuncio-5488E69D,1,145.2,6085,121,6,0,2090,4616,0,2,240.0,video_thruplay_watched_actions,1254,default,0.11578947
2026-06-07,Meta Ads,Cliente-1301E036,1,Campanha-A1087A42,1,AdSet-3F3A9FAC,1,Anuncio-08CD3708,1,195.0,13025,260,13,0,2974,10600,0,4,480.0,video_thruplay_watched_actions,1784,default,0.10930493
2026-06-07,Meta Ads,Cliente-1301E036,1,Campanha-A1087A42,1,AdSet-3F3A9FAC,1,Anuncio-19D03D54,1,34.25,6863,137,7,0,1126,5523,0,2,240.0,video_thruplay_watched_actions,675,default,0.05074074
2026-06-07,Meta Ads,Cliente-1301E036,1,Campanha-A1087A42,1,AdSet-3F3A9FAC,1,Anuncio-1F0B0200,1,128.25,14281,285,14,0,5576,12177,0,4,480.0,video_thruplay_watched_actions,3345,default,0.03834081
2026-06-07,Meta Ads,Cliente-1301E036,1,Campanha-A1087A42,1,AdSet-3F3A9FAC,1,Anuncio-92C2AD5A,1,67.45,3552,71,4,0,1496,2997,0,1,120.0,video_thruplay_watched_actions,897,default,0.07519509
2026-06-07,Meta Ads,Cliente-1301E036,1,Campanha-BAA2D61A,1,AdSet-21718E81,1,Anuncio-7E3C39EB,1,532.8,11102,222,11,0,4420,7880,0,3,360.0,video_thruplay_watched_actions,2652,default,0.20090498
2026-06-07,Meta Ads,Cliente-6ED105CA,1,Campanha-409E3907,1,AdSet-3E655550,1,Anuncio-0888DFA2,1,466.4,10646,212,11,0,3147,9183,0,3,360.0,video_thruplay_watched_actions,1888,default,0.24703390
2026-06-07,Meta Ads,Cliente-6ED105CA,1,Campanha-86298F91,1,AdSet-D6A72598,1,Anuncio-09915A4E,1,189.0,9490,189,9,0,1420,7736,0,3,360.0,video_thruplay_watched_actions,852,default,0.22183099
2026-06-07,Meta Ads,Cliente-8595A0B1,1,Campanha-026778BE,1,AdSet-C451AA6E,1,Anuncio-E5CAFB1B,1,301.95,9169,183,9,0,2486,6089,0,3,360.0,actions:offsite_conversion.fb_pixel_lead,9,default,33.55000000
2026-06-07,Meta Ads,Cliente-8595A0B1,1,Campanha-026778BE,1,AdSet-E02677A8,1,Anuncio-6A27FA82,1,391.05,11896,237,12,0,3464,8147,0,4,480.0,actions:offsite_conversion.fb_pixel_lead,12,default,32.58750000
2026-06-07,Meta Ads,Cliente-8595A0B1,1,Campanha-6C8B5548,1,AdSet-D113B19A,1,Anuncio-A30083A9,1,680.0,13623,272,14,0,3064,8408,0,4,480.0,actions:offsite_conversion.fb_pixel_lead,14,default,48.57142857
2026-06-07,Meta Ads,Cliente-8595A0B1,1,Campanha-7435AF3B,1,AdSet-A9531AD0,1,Anuncio-E32DE258,1,283.0,14183,283,14,0,3037,11931,0,4,480.0,actions:offsite_conversion.fb_pixel_lead,14,default,20.21428571
2026-06-07,Meta Ads,Cliente-8595A0B1,1,Campanha-7435AF3B,1,AdSet-AB8B0426,1,Anuncio-DA061972,1,260.0,13014,260,13,0,5698,9632,0,4,480.0,actions:offsite_conversion.fb_pixel_lead,13,default,20.00000000
2026-06-07,Meta Ads,Cliente-8595A0B1,1,Campanha-80EA63AC,1,AdSet-839FE6F8,1,Anuncio-54AD6415,1,153.5,15362,307,15,0,5167,11777,0,5,600.0,actions:offsite_conversion.fb_pixel_lead,15,default,10.23333333
2026-06-07,Meta Ads,Cliente-8595A0B1,1,Campanha-80EA63AC,1,AdSet-839FE6F8,1,Anuncio-F7564EEF,1,40.6,10153,203,10,0,1423,7234,0,3,360.0,actions:offsite_conversion.fb_pixel_lead,10,default,4.06000000
2026-06-07,Meta Ads,Cliente-8595A0B1,1,Campanha-ACFE35BB,1,AdSet-909F3F76,1,Anuncio-B55D4254,1,358.5,11980,239,12,0,2839,10340,0,4,480.0,actions:offsite_conversion.fb_pixel_lead,12,default,29.87500000
2026-06-07,Meta Ads,Cliente-8595A0B1,1,Campanha-D03279CF,1,AdSet-4B62792C,1,Anuncio-2CF462B1,1,416.0,10432,208,10,0,1872,6525,0,3,360.0,actions:offsite_conversion.fb_pixel_lead,10,default,41.60000000
2026-06-07,Meta Ads,Cliente-8595A0B1,1,Campanha-D03279CF,1,AdSet-5DC66742,1,Anuncio-6D0AB7AE,1,118.0,2993,59,3,0,998,2561,0,1,120.0,actions:offsite_conversion.fb_pixel_lead,3,default,39.33333333
2026-06-07,Meta Ads,Cliente-8595A0B1,1,Campanha-D4F4B6F7,1,AdSet-6CA8CD14,1,Anuncio-DEF80DD8,1,24.0,1049,20,0,0,359,882,0,0,0.0,actions:offsite_conversion.fb_pixel_lead,0,,
2026-06-07,Meta Ads,Cliente-8595A0B1,1,Campanha-D4F4B6F7,1,AdSet-B1087453,1,Anuncio-32A606B5,1,28.8,1230,24,0,0,143,1072,0,0,0.0,actions:offsite_conversion.fb_pixel_lead,0,,
2026-06-07,Meta Ads,Cliente-AD42A32D,1,Campanha-1605BED1,1,AdSet-F891FAAE,1,Anuncio-2634260D,1,241.2,10069,201,10,0,3730,8428,0,3,360.0,,,,
2026-06-07,Meta Ads,Cliente-AD42A32D,1,Campanha-1605BED1,1,AdSet-F891FAAE,1,Anuncio-293DED4C,1,29.2,3685,73,4,0,520,2716,0,1,120.0,,,,
2026-06-07,Meta Ads,Cliente-AD42A32D,1,Campanha-1605BED1,1,AdSet-F891FAAE,1,Anuncio-E9DCB443,1,164.5,11759,235,12,0,3829,9918,0,4,480.0,,,,
2026-06-07,Meta Ads,Cliente-AD42A32D,1,Campanha-16CF835F,1,AdSet-4A6E7F00,1,Anuncio-ACD3E146,1,478.4,9247,184,9,0,2235,6651,0,3,360.0,,,,
2026-06-07,Meta Ads,Cliente-AD42A32D,1,Campanha-78D97BE5,1,AdSet-ECF361B8,1,Anuncio-89F19D87,1,135.8,4851,97,5,0,2000,4333,0,1,120.0,,,,
2026-06-07,Meta Ads,Cliente-AD42A32D,1,Campanha-820B11BE,1,AdSet-EBF937FB,1,Anuncio-C6C8C9C1,1,564.0,14138,282,14,0,2446,9301,0,4,480.0,,,,
2026-06-08,Google Ads,Cliente-474CCCE3,1,Campanha-29ECA028,1,AdSet-32A0CF45,1,Anuncio-2FF839A3,1,290.0,7251,145,7.25,870.0,205,0,0,0,0,,,,
2026-06-08,Google Ads,Cliente-474CCCE3,1,Campanha-29ECA028,1,AdSet-32A0CF45,1,Anuncio-9C010327,1,247.0,12364,247,12.35,1482.0,709,0,0,0,0,,,,
2026-06-08,Google Ads,Cliente-474CCCE3,1,Campanha-29ECA028,1,AdSet-32A0CF45,1,Anuncio-A76D1B5E,1,244.5,8187,163,8.15,978.0,58,0,0,0,0,,,,
2026-06-08,Google Ads,Cliente-474CCCE3,1,Campanha-6E08A848,1,AdSet-CEC81128,1,Anuncio-3F3F9234,1,732.5,14666,293,14.65,1758.0,245,0,0,0,0,,,,
2026-06-08,Google Ads,Cliente-474CCCE3,1,Campanha-6E08A848,1,AdSet-D35341B0,1,Anuncio-FC062A4B,1,980.0,19643,392,19.6,2352.0,222,0,0,0,0,,,,
2026-06-08,Google Ads,Cliente-474CCCE3,1,Campanha-729BD069,1,AdSet-79BE6F30,1,Anuncio-4CF83B7A,1,254.8,9844,196,9.8,1176.0,355,0,0,0,0,,,,
2026-06-08,Google Ads,Cliente-474CCCE3,1,Campanha-729BD069,1,AdSet-79BE6F30,1,Anuncio-6B4F96B4,1,69.0,3494,69,3.45,414.0,147,0,0,0,0,,,,
2026-06-08,Google Ads,Cliente-474CCCE3,1,Campanha-729BD069,1,AdSet-79BE6F30,1,Anuncio-EB7DCF15,1,174.0,21757,435,21.75,2610.0,948,0,0,0,0,,,,
2026-06-08,Google Ads,Cliente-474CCCE3,1,Campanha-AB3864A1,1,AdSet-5D96CA07,1,Anuncio-44D65130,1,744.0,18649,372,18.6,2232.0,436,0,0,0,0,,,,
2026-06-08,Google Ads,Cliente-474CCCE3,1,Campanha-EEA08F81,1,AdSet-21817692,1,Anuncio-97F07160,1,163.2,20428,408,20.4,2448.0,453,0,0,0,0,,,,
2026-06-08,Google Ads,Cliente-474CCCE3,1,Campanha-EEA08F81,1,AdSet-39668F5E,1,Anuncio-2CD4E792,1,236.8,14841,296,14.8,1776.0,825,0,0,0,0,,,,
2026-06-08,Google Ads,Cliente-540F1743,1,Campanha-5FB26883,1,AdSet-75A9934D,1,Anuncio-0BD68F17,1,0.0,14061,281,14.05,1686.0,558,0,0,0,0,,,,
2026-06-08,Google Ads,Cliente-540F1743,1,Campanha-5FB26883,1,AdSet-C9396344,1,Anuncio-71058119,1,0.0,15939,318,15.9,1908.0,80,0,0,0,0,,,,
2026-06-08,Google Ads,Cliente-540F1743,1,Campanha-6279950B,1,AdSet-818EA13C,1,Anuncio-2696D408,1,191.9,5081,101,5.05,606.0,134,0,0,0,0,,,,
2026-06-08,Google Ads,Cliente-540F1743,1,Campanha-6279950B,1,AdSet-EA6C5DBD,1,Anuncio-B9B3D44A,1,79.8,2130,42,2.1,252.0,93,0,0,0,0,,,,
2026-06-08,Google Ads,Cliente-540F1743,1,Campanha-C4346965,1,AdSet-DDA1CAB0,1,Anuncio-E33942DA,1,414.7,18886,377,18.85,2262.0,997,0,0,0,0,,,,
2026-06-08,Meta Ads,Cliente-0D954560,1,Campanha-C132C431,1,AdSet-0E701B9C,1,Anuncio-B54E991E,1,157.3,6086,121,6,0,1063,4338,0,2,240.0,,,,
2026-06-08,Meta Ads,Cliente-0D954560,1,Campanha-C132C431,1,AdSet-FD8E452C,1,Anuncio-281BA058,1,413.4,15935,318,16,0,4437,12717,0,5,600.0,,,,
2026-06-08,Meta Ads,Cliente-0D954560,1,Campanha-E2C66194,1,AdSet-78ECC024,1,Anuncio-1BA82A24,1,101.2,4628,92,0,0,1436,3864,0,0,0.0,,,,
2026-06-08,Meta Ads,Cliente-0D954560,1,Campanha-E2C66194,1,AdSet-F3818FF2,1,Anuncio-1039A314,1,363.0,16537,330,0,0,5404,10781,0,0,0.0,,,,
2026-06-08,Meta Ads,Cliente-1301E036,1,Campanha-5AA632F6,1,AdSet-437F32CF,1,Anuncio-D93BAE53,1,435.6,12111,242,12,0,1415,10528,0,4,480.0,video_thruplay_watched_actions,849,default,0.51307420
2026-06-08,Meta Ads,Cliente-1301E036,1,Campanha-942DC529,1,AdSet-20AD549D,1,Anuncio-5488E69D,1,195.6,8187,163,8,0,3147,6439,0,2,240.0,video_thruplay_watched_actions,1888,default,0.10360169
2026-06-08,Meta Ads,Cliente-1301E036,1,Campanha-942DC529,1,AdSet-33DED8F4,1,Anuncio-E2BBB95C,1,200.4,8384,167,8,0,2021,6200,0,2,240.0,video_thruplay_watched_actions,1212,default,0.16534653
2026-06-08,Meta Ads,Cliente-1301E036,1,Campanha-A1087A42,1,AdSet-3F3A9FAC,1,Anuncio-08CD3708,1,312.0,20807,416,21,0,2935,12130,0,7,840.0,video_thruplay_watched_actions,1761,default,0.17717206
2026-06-08,Meta Ads,Cliente-1301E036,1,Campanha-A1087A42,1,AdSet-3F3A9FAC,1,Anuncio-1F0B0200,1,166.95,18566,371,19,0,8324,12980,0,6,720.0,video_thruplay_watched_actions,4994,default,0.03343012
2026-06-08,Meta Ads,Cliente-1301E036,1,Campanha-A1087A42,1,AdSet-3F3A9FAC,1,Anuncio-92C2AD5A,1,444.6,23403,468,23,0,8346,15428,0,8,960.0,video_thruplay_watched_actions,5007,default,0.08879569
2026-06-08,Meta Ads,Cliente-1301E036,1,Campanha-BAA2D61A,1,AdSet-21718E81,1,Anuncio-7E3C39EB,1,573.6,11960,239,12,0,1988,6697,0,4,480.0,video_thruplay_watched_actions,1192,default,0.48120805
2026-06-08,Meta Ads,Cliente-1301E036,1,Campanha-BAA2D61A,1,AdSet-F8D81242,1,Anuncio-9E8F58AB,1,928.8,19394,387,19,0,6852,12975,0,6,720.0,video_thruplay_watched_actions,4111,default,0.22593043
2026-06-08,Meta Ads,Cliente-6ED105CA,1,Campanha-409E3907,1,AdSet-3E655550,1,Anuncio-0888DFA2,1,411.4,9359,187,9,0,3243,5650,0,3,360.0,video_thruplay_watched_actions,1945,default,0.21151671
2026-06-08,Meta Ads,Cliente-6ED105CA,1,Campanha-86298F91,1,AdSet-D6A72598,1,Anuncio-09915A4E,1,388.0,19424,388,19,0,1682,14545,0,6,720.0,video_thruplay_watched_actions,1009,default,0.38453915
2026-06-08,Meta Ads,Cliente-8595A0B1,1,Campanha-026778BE,1,AdSet-C451AA6E,1,Anuncio-E5CAFB1B,1,480.15,14564,291,15,0,2109,9194,0,5,600.0,actions:offsite_conversion.fb_pixel_lead,15,default,32.01000000
2026-06-08,Meta Ads,Cliente-8595A0B1,1,Campanha-026778BE,1,AdSet-E02677A8,1,Anuncio-6A27FA82,1,70.95,2196,43,2,0,789,1584,0,0,0.0,actions:offsite_conversion.fb_pixel_lead,2,default,35.47500000
2026-06-08,Meta Ads,Cliente-8595A0B1,1,Campanha-7435AF3B,1,AdSet-A9531AD0,1,Anuncio-E32DE258,1,49.0,2478,49,2,0,285,1384,0,0,0.0,actions:offsite_conversion.fb_pixel_lead,2,default,24.50000000
2026-06-08,Meta Ads,Cliente-8595A0B1,1,Campanha-7435AF3B,1,AdSet-AB8B0426,1,Anuncio-DA061972,1,190.0,9548,190,10,0,2288,6808,0,3,360.0,actions:offsite_conversion.fb_pixel_lead,10,default,19.00000000
2026-06-08,Meta Ads,Cliente-8595A0B1,1,Campanha-80EA63AC,1,AdSet-839FE6F8,1,Anuncio-54AD6415,1,92.5,9259,185,9,0,3860,5871,0,3,360.0,actions:offsite_conversion.fb_pixel_lead,9,default,10.27777778
2026-06-08,Meta Ads,Cliente-8595A0B1,1,Campanha-80EA63AC,1,AdSet-839FE6F8,1,Anuncio-763D8A88,1,166.5,9280,185,9,0,1954,8248,0,3,360.0,actions:offsite_conversion.fb_pixel_lead,9,default,18.50000000
2026-06-08,Meta Ads,Cliente-8595A0B1,1,Campanha-80EA63AC,1,AdSet-839FE6F8,1,Anuncio-AF9B4192,1,166.2,13850,277,14,0,2062,11851,0,4,480.0,actions:offsite_conversion.fb_pixel_lead,14,default,11.87142857
2026-06-08,Meta Ads,Cliente-8595A0B1,1,Campanha-D03279CF,1,AdSet-4B62792C,1,Anuncio-2CF462B1,1,460.0,11548,230,12,0,4255,8186,0,4,480.0,actions:offsite_conversion.fb_pixel_lead,12,default,38.33333333
2026-06-08,Meta Ads,Cliente-8595A0B1,1,Campanha-D03279CF,1,AdSet-5DC66742,1,Anuncio-6D0AB7AE,1,778.0,19484,389,19,0,4445,17338,0,6,720.0,actions:offsite_conversion.fb_pixel_lead,19,default,40.94736842
2026-06-08,Meta Ads,Cliente-8595A0B1,1,Campanha-D4F4B6F7,1,AdSet-6CA8CD14,1,Anuncio-DEF80DD8,1,6.0,266,5,0,0,63,174,0,0,0.0,actions:offsite_conversion.fb_pixel_lead,0,,
2026-06-08,Meta Ads,Cliente-8595A0B1,1,Campanha-D4F4B6F7,1,AdSet-B1087453,1,Anuncio-32A606B5,1,12.0,525,10,0,0,146,320,0,0,0.0,actions:offsite_conversion.fb_pixel_lead,0,,
2026-06-08,Meta Ads,Cliente-AD42A32D,1,Campanha-1605BED1,1,AdSet-F891FAAE,1,Anuncio-2634260D,1,105.6,4439,88,4,0,1054,3366,0,1,120.0,,,,
2026-06-08,Meta Ads,Cliente-AD42A32D,1,Campanha-1605BED1,1,AdSet-F891FAAE,1,Anuncio-E9DCB443,1,154.0,11032,220,11,0,3450,8308,0,3,360.0,,,,
2026-06-08,Meta Ads,Cliente-AD42A32D,1,Campanha-16CF835F,1,AdSet-4A6E7F00,1,Anuncio-ACD3E146,1,520.0,10015,200,10,0,4134,7087,0,3,360.0,,,,
2026-06-08,Meta Ads,Cliente-AD42A32D,1,Campanha-78D97BE5,1,AdSet-2C3F076D,1,Anuncio-AE1F9355,1,540.4,19342,386,19,0,4647,10648,0,6,720.0,,,,
2026-06-08,Meta Ads,Cliente-AD42A32D,1,Campanha-820B11BE,1,AdSet-EBF937FB,1,Anuncio-C6C8C9C1,1,436.0,10947,218,11,0,2837,8955,0,3,360.0,,,,
2026-06-09,Google Ads,Cliente-474CCCE3,1,Campanha-29ECA028,1,AdSet-32A0CF45,1,Anuncio-2FF839A3,1,292.0,7330,146,7.3,876.0,356,0,0,0,0,,,,
2026-06-09,Google Ads,Cliente-474CCCE3,1,Campanha-29ECA028,1,AdSet-32A0CF45,1,Anuncio-9C010327,1,191.0,9595,191,9.55,1146.0,387,0,0,0,0,,,,
2026-06-09,Google Ads,Cliente-474CCCE3,1,Campanha-29ECA028,1,AdSet-32A0CF45,1,Anuncio-A76D1B5E,1,328.5,10972,219,10.95,1314.0,30,0,0,0,0,,,,
2026-06-09,Google Ads,Cliente-474CCCE3,1,Campanha-6E08A848,1,AdSet-CEC81128,1,Anuncio-3F3F9234,1,897.5,17984,359,17.95,2154.0,888,0,0,0,0,,,,
2026-06-09,Google Ads,Cliente-474CCCE3,1,Campanha-6E08A848,1,AdSet-D35341B0,1,Anuncio-FC062A4B,1,885.0,17736,354,17.7,2124.0,209,0,0,0,0,,,,
2026-06-09,Google Ads,Cliente-474CCCE3,1,Campanha-729BD069,1,AdSet-79BE6F30,1,Anuncio-4CF83B7A,1,102.7,3964,79,3.95,474.0,164,0,0,0,0,,,,
2026-06-09,Google Ads,Cliente-474CCCE3,1,Campanha-729BD069,1,AdSet-79BE6F30,1,Anuncio-6B4F96B4,1,321.0,16092,321,16.05,1926.0,217,0,0,0,0,,,,
2026-06-09,Google Ads,Cliente-474CCCE3,1,Campanha-729BD069,1,AdSet-79BE6F30,1,Anuncio-EB7DCF15,1,71.6,8965,179,8.95,1074.0,71,0,0,0,0,,,,
2026-06-09,Google Ads,Cliente-474CCCE3,1,Campanha-AB3864A1,1,AdSet-5D96CA07,1,Anuncio-44D65130,1,832.0,20824,416,20.8,2496.0,236,0,0,0,0,,,,
2026-06-09,Google Ads,Cliente-474CCCE3,1,Campanha-AB3864A1,1,AdSet-B4166F22,1,Anuncio-B8431021,1,450.0,11277,225,11.25,1350.0,282,0,0,0,0,,,,
2026-06-09,Google Ads,Cliente-474CCCE3,1,Campanha-EEA08F81,1,AdSet-21817692,1,Anuncio-97F07160,1,40.4,5084,101,5.05,606.0,247,0,0,0,0,,,,
2026-06-09,Google Ads,Cliente-474CCCE3,1,Campanha-EEA08F81,1,AdSet-39668F5E,1,Anuncio-2140A52E,1,31.2,2640,52,2.6,312.0,144,0,0,0,0,,,,
2026-06-09,Google Ads,Cliente-474CCCE3,1,Campanha-EEA08F81,1,AdSet-39668F5E,1,Anuncio-2CD4E792,1,104.8,6597,131,6.55,786.0,92,0,0,0,0,,,,
2026-06-09,Google Ads,Cliente-540F1743,1,Campanha-5FB26883,1,AdSet-75A9934D,1,Anuncio-0BD68F17,1,0.0,11387,227,11.35,1362.0,593,0,0,0,0,,,,
2026-06-09,Google Ads,Cliente-540F1743,1,Campanha-5FB26883,1,AdSet-C9396344,1,Anuncio-71058119,1,0.0,22212,444,22.2,2664.0,281,0,0,0,0,,,,
2026-06-09,Google Ads,Cliente-540F1743,1,Campanha-6279950B,1,AdSet-818EA13C,1,Anuncio-2696D408,1,193.8,5103,102,5.1,612.0,148,0,0,0,0,,,,
2026-06-09,Google Ads,Cliente-540F1743,1,Campanha-6279950B,1,AdSet-EA6C5DBD,1,Anuncio-B9B3D44A,1,55.1,1474,29,1.45,174.0,66,0,0,0,0,,,,
2026-06-09,Google Ads,Cliente-540F1743,1,Campanha-C4346965,1,AdSet-A39E8884,1,Anuncio-3F957FCA,1,410.3,18683,373,18.65,2238.0,816,0,0,0,0,,,,
2026-06-09,Google Ads,Cliente-540F1743,1,Campanha-C4346965,1,AdSet-DDA1CAB0,1,Anuncio-E33942DA,1,261.8,11900,238,11.9,1428.0,8,0,0,0,0,,,,
2026-06-09,Meta Ads,Cliente-0D954560,1,Campanha-C132C431,1,AdSet-0E701B9C,1,Anuncio-B54E991E,1,356.2,13738,274,14,0,3388,9098,0,4,480.0,,,,
2026-06-09,Meta Ads,Cliente-0D954560,1,Campanha-C132C431,1,AdSet-FD8E452C,1,Anuncio-281BA058,1,491.4,18945,378,19,0,6396,16603,0,6,720.0,,,,
2026-06-09,Meta Ads,Cliente-0D954560,1,Campanha-E2C66194,1,AdSet-78ECC024,1,Anuncio-1BA82A24,1,209.0,9508,190,0,0,3065,6792,0,0,0.0,,,,
2026-06-09,Meta Ads,Cliente-0D954560,1,Campanha-E2C66194,1,AdSet-F3818FF2,1,Anuncio-1039A314,1,81.4,3738,74,0,0,875,2102,0,0,0.0,,,,
2026-06-09,Meta Ads,Cliente-1301E036,1,Campanha-5AA632F6,1,AdSet-437F32CF,1,Anuncio-D93BAE53,1,507.6,14147,282,14,0,4925,10657,0,4,480.0,video_thruplay_watched_actions,2955,default,0.17177665
2026-06-09,Meta Ads,Cliente-1301E036,1,Campanha-942DC529,1,AdSet-20AD549D,1,Anuncio-5488E69D,1,200.4,8355,167,8,0,2239,6047,0,2,240.0,video_thruplay_watched_actions,1343,default,0.14921817
2026-06-09,Meta Ads,Cliente-1301E036,1,Campanha-942DC529,1,AdSet-33DED8F4,1,Anuncio-E2BBB95C,1,362.4,15113,302,15,0,3024,8780,0,5,600.0,video_thruplay_watched_actions,1814,default,0.19977949
2026-06-09,Meta Ads,Cliente-1301E036,1,Campanha-A1087A42,1,AdSet-3F3A9FAC,1,Anuncio-08CD3708,1,140.25,9384,187,9,0,2616,6796,0,3,360.0,video_thruplay_watched_actions,1569,default,0.08938815
2026-06-09,Meta Ads,Cliente-1301E036,1,Campanha-A1087A42,1,AdSet-3F3A9FAC,1,Anuncio-19D03D54,1,39.5,7942,158,8,0,2895,4600,0,2,240.0,video_thruplay_watched_actions,1737,default,0.02274036
2026-06-09,Meta Ads,Cliente-1301E036,1,Campanha-A1087A42,1,AdSet-3F3A9FAC,1,Anuncio-1F0B0200,1,10.8,1224,24,1,0,483,885,0,0,0.0,video_thruplay_watched_actions,289,default,0.03737024
2026-06-09,Meta Ads,Cliente-1301E036,1,Campanha-A1087A42,1,AdSet-3F3A9FAC,1,Anuncio-92C2AD5A,1,110.2,5818,116,6,0,1565,3605,0,2,240.0,video_thruplay_watched_actions,939,default,0.11735889
2026-06-09,Meta Ads,Cliente-1301E036,1,Campanha-BAA2D61A,1,AdSet-21718E81,1,Anuncio-7E3C39EB,1,367.2,7690,153,8,0,1402,4558,0,2,240.0,video_thruplay_watched_actions,841,default,0.43662307
2026-06-09,Meta Ads,Cliente-1301E036,1,Campanha-BAA2D61A,1,AdSet-F8D81242,1,Anuncio-9E8F58AB,1,489.6,10248,204,10,0,2919,6338,0,3,360.0,video_thruplay_watched_actions,1751,default,0.27961165
2026-06-09,Meta Ads,Cliente-6ED105CA,1,Campanha-409E3907,1,AdSet-3E655550,1,Anuncio-0888DFA2,1,209.0,4772,95,5,0,1606,4043,0,1,120.0,video_thruplay_watched_actions,963,default,0.21703011
2026-06-09,Meta Ads,Cliente-6ED105CA,1,Campanha-86298F91,1,AdSet-D6A72598,1,Anuncio-09915A4E,1,289.0,14464,289,14,0,1863,9125,0,4,480.0,video_thruplay_watched_actions,1117,default,0.25872874
2026-06-09,Meta Ads,Cliente-8595A0B1,1,Campanha-026778BE,1,AdSet-C451AA6E,1,Anuncio-E5CAFB1B,1,724.35,21957,439,22,0,6071,15371,0,7,840.0,actions:offsite_conversion.fb_pixel_lead,22,default,32.92500000
2026-06-09,Meta Ads,Cliente-8595A0B1,1,Campanha-6C8B5548,1,AdSet-38FD9C4C,1,Anuncio-850EF202,1,500.0,10041,200,10,0,931,8051,0,3,360.0,actions:offsite_conversion.fb_pixel_lead,10,default,50.00000000
2026-06-09,Meta Ads,Cliente-8595A0B1,1,Campanha-6C8B5548,1,AdSet-D113B19A,1,Anuncio-A30083A9,1,600.0,12041,240,12,0,5408,8706,0,4,480.0,actions:offsite_conversion.fb_pixel_lead,12,default,50.00000000
2026-06-09,Meta Ads,Cliente-8595A0B1,1,Campanha-7435AF3B,1,AdSet-A9531AD0,1,Anuncio-E32DE258,1,220.0,11002,220,11,0,2660,9791,0,3,360.0,actions:offsite_conversion.fb_pixel_lead,11,default,20.00000000
2026-06-09,Meta Ads,Cliente-8595A0B1,1,Campanha-7435AF3B,1,AdSet-AB8B0426,1,Anuncio-DA061972,1,110.0,5539,110,6,0,1708,4845,0,2,240.0,actions:offsite_conversion.fb_pixel_lead,6,default,18.33333333
2026-06-09,Meta Ads,Cliente-8595A0B1,1,Campanha-80EA63AC,1,AdSet-839FE6F8,1,Anuncio-54AD6415,1,140.0,14030,280,14,0,1257,8484,0,4,480.0,actions:offsite_conversion.fb_pixel_lead,14,default,10.00000000
2026-06-09,Meta Ads,Cliente-8595A0B1,1,Campanha-80EA63AC,1,AdSet-839FE6F8,1,Anuncio-AF9B4192,1,187.8,15673,313,16,0,2703,10950,0,5,600.0,actions:offsite_conversion.fb_pixel_lead,16,default,11.73750000
2026-06-09,Meta Ads,Cliente-8595A0B1,1,Campanha-80EA63AC,1,AdSet-839FE6F8,1,Anuncio-F7564EEF,1,29.2,7324,146,7,0,2190,4697,0,2,240.0,actions:offsite_conversion.fb_pixel_lead,7,default,4.17142857
2026-06-09,Meta Ads,Cliente-8595A0B1,1,Campanha-ACFE35BB,1,AdSet-909F3F76,1,Anuncio-B55D4254,1,207.0,6939,138,7,0,1705,4257,0,2,240.0,actions:offsite_conversion.fb_pixel_lead,7,default,29.57142857
2026-06-09,Meta Ads,Cliente-8595A0B1,1,Campanha-D03279CF,1,AdSet-4B62792C,1,Anuncio-2CF462B1,1,418.0,10499,209,10,0,4522,8039,0,3,360.0,actions:offsite_conversion.fb_pixel_lead,10,default,41.80000000
2026-06-09,Meta Ads,Cliente-8595A0B1,1,Campanha-D4F4B6F7,1,AdSet-6CA8CD14,1,Anuncio-DEF80DD8,1,6.0,259,5,0,0,82,210,0,0,0.0,actions:offsite_conversion.fb_pixel_lead,0,,
2026-06-09,Meta Ads,Cliente-8595A0B1,1,Campanha-D4F4B6F7,1,AdSet-B1087453,1,Anuncio-32A606B5,1,33.6,1417,28,0,0,207,970,0,0,0.0,actions:offsite_conversion.fb_pixel_lead,0,,
2026-06-09,Meta Ads,Cliente-AD42A32D,1,Campanha-1605BED1,1,AdSet-F891FAAE,1,Anuncio-2634260D,1,369.6,15416,308,15,0,1847,8848,0,5,600.0,,,,
2026-06-09,Meta Ads,Cliente-AD42A32D,1,Campanha-1605BED1,1,AdSet-F891FAAE,1,Anuncio-293DED4C,1,178.8,22394,447,22,0,7218,19450,0,7,840.0,,,,
2026-06-09,Meta Ads,Cliente-AD42A32D,1,Campanha-1605BED1,1,AdSet-F891FAAE,1,Anuncio-E9DCB443,1,42.7,3096,61,3,0,318,1871,0,1,120.0,,,,
2026-06-09,Meta Ads,Cliente-AD42A32D,1,Campanha-16CF835F,1,AdSet-4A6E7F00,1,Anuncio-ACD3E146,1,330.2,6350,127,6,0,793,3901,0,2,240.0,,,,
2026-06-09,Meta Ads,Cliente-AD42A32D,1,Campanha-16CF835F,1,AdSet-6272CAA6,1,Anuncio-A274723C,1,910.0,17514,350,18,0,6369,12591,0,6,720.0,,,,
2026-06-09,Meta Ads,Cliente-AD42A32D,1,Campanha-78D97BE5,1,AdSet-2C3F076D,1,Anuncio-AE1F9355,1,214.2,7670,153,8,0,1968,5348,0,2,240.0,,,,
2026-06-10,Google Ads,Cliente-474CCCE3,1,Campanha-29ECA028,1,AdSet-32A0CF45,1,Anuncio-2FF839A3,1,704.0,17612,352,17.6,2112.0,363,0,0,0,0,,,,
2026-06-10,Google Ads,Cliente-474CCCE3,1,Campanha-29ECA028,1,AdSet-32A0CF45,1,Anuncio-9C010327,1,165.0,8265,165,8.25,990.0,251,0,0,0,0,,,,
2026-06-10,Google Ads,Cliente-474CCCE3,1,Campanha-29ECA028,1,AdSet-32A0CF45,1,Anuncio-A76D1B5E,1,567.0,18927,378,18.9,2268.0,1103,0,0,0,0,,,,
2026-06-10,Google Ads,Cliente-474CCCE3,1,Campanha-6E08A848,1,AdSet-CEC81128,1,Anuncio-3F3F9234,1,472.5,9495,189,9.45,1134.0,105,0,0,0,0,,,,
2026-06-10,Google Ads,Cliente-474CCCE3,1,Campanha-6E08A848,1,AdSet-D35341B0,1,Anuncio-FC062A4B,1,112.5,2261,45,2.25,270.0,27,0,0,0,0,,,,
2026-06-10,Google Ads,Cliente-474CCCE3,1,Campanha-729BD069,1,AdSet-79BE6F30,1,Anuncio-4CF83B7A,1,533.0,20504,410,20.5,2460.0,206,0,0,0,0,,,,
2026-06-10,Google Ads,Cliente-474CCCE3,1,Campanha-AB3864A1,1,AdSet-B4166F22,1,Anuncio-B8431021,1,264.0,6618,132,6.6,792.0,316,0,0,0,0,,,,
2026-06-10,Google Ads,Cliente-474CCCE3,1,Campanha-EEA08F81,1,AdSet-21817692,1,Anuncio-1F2C3323,1,90.6,22677,453,22.65,2718.0,484,0,0,0,0,,,,
2026-06-10,Google Ads,Cliente-474CCCE3,1,Campanha-EEA08F81,1,AdSet-21817692,1,Anuncio-97F07160,1,12.0,1526,30,1.5,180.0,13,0,0,0,0,,,,
2026-06-10,Google Ads,Cliente-474CCCE3,1,Campanha-EEA08F81,1,AdSet-39668F5E,1,Anuncio-2CD4E792,1,78.4,4923,98,4.9,588.0,124,0,0,0,0,,,,
2026-06-10,Google Ads,Cliente-540F1743,1,Campanha-5FB26883,1,AdSet-75A9934D,1,Anuncio-0BD68F17,1,0.0,6119,122,6.1,732.0,32,0,0,0,0,,,,
2026-06-10,Google Ads,Cliente-540F1743,1,Campanha-5FB26883,1,AdSet-C9396344,1,Anuncio-71058119,1,0.0,17332,346,17.3,2076.0,372,0,0,0,0,,,,
2026-06-10,Google Ads,Cliente-540F1743,1,Campanha-6279950B,1,AdSet-818EA13C,1,Anuncio-2696D408,1,193.8,5128,102,5.1,612.0,218,0,0,0,0,,,,
2026-06-10,Google Ads,Cliente-540F1743,1,Campanha-6279950B,1,AdSet-EA6C5DBD,1,Anuncio-B9B3D44A,1,266.0,7033,140,7.0,840.0,49,0,0,0,0,,,,
2026-06-10,Google Ads,Cliente-540F1743,1,Campanha-C4346965,1,AdSet-A39E8884,1,Anuncio-3F957FCA,1,375.1,17064,341,17.05,2046.0,66,0,0,0,0,,,,
2026-06-10,Google Ads,Cliente-540F1743,1,Campanha-C4346965,1,AdSet-DDA1CAB0,1,Anuncio-E33942DA,1,336.6,15317,306,15.3,1836.0,639,0,0,0,0,,,,
2026-06-10,Meta Ads,Cliente-0D954560,1,Campanha-C132C431,1,AdSet-0E701B9C,1,Anuncio-B54E991E,1,397.8,15316,306,15,0,3129,9827,0,5,600.0,,,,
2026-06-10,Meta Ads,Cliente-0D954560,1,Campanha-C132C431,1,AdSet-FD8E452C,1,Anuncio-281BA058,1,101.4,3947,78,4,0,386,2181,0,1,120.0,,,,
2026-06-10,Meta Ads,Cliente-0D954560,1,Campanha-E2C66194,1,AdSet-78ECC024,1,Anuncio-1BA82A24,1,313.5,14292,285,0,0,1658,10608,0,0,0.0,,,,
2026-06-10,Meta Ads,Cliente-0D954560,1,Campanha-E2C66194,1,AdSet-F3818FF2,1,Anuncio-1039A314,1,29.7,1384,27,0,0,158,871,0,0,0.0,,,,
2026-06-10,Meta Ads,Cliente-1301E036,1,Campanha-5AA632F6,1,AdSet-15C3C269,1,Anuncio-6C40FF24,1,484.2,13457,269,13,0,2300,11449,0,4,480.0,video_thruplay_watched_actions,1380,default,0.35086957
2026-06-10,Meta Ads,Cliente-1301E036,1,Campanha-942DC529,1,AdSet-20AD549D,1,Anuncio-5488E69D,1,123.6,5155,103,5,0,846,3179,0,1,120.0,video_thruplay_watched_actions,507,default,0.24378698
2026-06-10,Meta Ads,Cliente-1301E036,1,Campanha-942DC529,1,AdSet-33DED8F4,1,Anuncio-E2BBB95C,1,384.0,16032,320,16,0,2423,11133,0,5,600.0,video_thruplay_watched_actions,1453,default,0.26428080
2026-06-10,Meta Ads,Cliente-1301E036,1,Campanha-A1087A42,1,AdSet-3F3A9FAC,1,Anuncio-08CD3708,1,229.5,15321,306,15,0,1640,10564,0,5,600.0,video_thruplay_watched_actions,984,default,0.23323171
2026-06-10,Meta Ads,Cliente-1301E036,1,Campanha-A1087A42,1,AdSet-3F3A9FAC,1,Anuncio-19D03D54,1,32.0,6443,128,6,0,1719,5137,0,2,240.0,video_thruplay_watched_actions,1031,default,0.03103783
2026-06-10,Meta Ads,Cliente-1301E036,1,Campanha-A1087A42,1,AdSet-3F3A9FAC,1,Anuncio-1F0B0200,1,45.0,5009,100,5,0,1136,3633,0,1,120.0,video_thruplay_watched_actions,681,default,0.06607930
2026-06-10,Meta Ads,Cliente-1301E036,1,Campanha-BAA2D61A,1,AdSet-21718E81,1,Anuncio-7E3C39EB,1,693.6,14463,289,14,0,2026,9377,0,4,480.0,video_thruplay_watched_actions,1215,default,0.57086420
2026-06-10,Meta Ads,Cliente-6ED105CA,1,Campanha-409E3907,1,AdSet-3E655550,1,Anuncio-0888DFA2,1,622.6,14164,283,14,0,4765,8423,0,4,480.0,video_thruplay_watched_actions,2859,default,0.21776845
2026-06-10,Meta Ads,Cliente-8595A0B1,1,Campanha-026778BE,1,AdSet-C451AA6E,1,Anuncio-E5CAFB1B,1,754.05,22891,457,23,0,6270,19755,0,8,960.0,actions:offsite_conversion.fb_pixel_lead,23,default,32.78478261
2026-06-10,Meta Ads,Cliente-8595A0B1,1,Campanha-6C8B5548,1,AdSet-38FD9C4C,1,Anuncio-850EF202,1,632.5,12698,253,13,0,5507,9176,0,4,480.0,actions:offsite_conversion.fb_pixel_lead,13,default,48.65384615
2026-06-10,Meta Ads,Cliente-8595A0B1,1,Campanha-6C8B5548,1,AdSet-D113B19A,1,Anuncio-A30083A9,1,1067.5,21359,427,21,0,2415,14845,0,7,840.0,actions:offsite_conversion.fb_pixel_lead,21,default,50.83333333
2026-06-10,Meta Ads,Cliente-8595A0B1,1,Campanha-7435AF3B,1,AdSet-A9531AD0,1,Anuncio-E32DE258,1,255.0,12764,255,13,0,5102,10111,0,4,480.0,actions:offsite_conversion.fb_pixel_lead,13,default,19.61538462
2026-06-10,Meta Ads,Cliente-8595A0B1,1,Campanha-7435AF3B,1,AdSet-AB8B0426,1,Anuncio-DA061972,1,225.0,11298,225,11,0,3200,6438,0,3,360.0,actions:offsite_conversion.fb_pixel_lead,11,default,20.45454545
2026-06-10,Meta Ads,Cliente-8595A0B1,1,Campanha-80EA63AC,1,AdSet-839FE6F8,1,Anuncio-54AD6415,1,101.5,10181,203,10,0,3224,6445,0,3,360.0,actions:offsite_conversion.fb_pixel_lead,10,default,10.15000000
2026-06-10,Meta Ads,Cliente-8595A0B1,1,Campanha-80EA63AC,1,AdSet-839FE6F8,1,Anuncio-763D8A88,1,293.4,16348,326,16,0,6702,10086,0,5,600.0,actions:offsite_conversion.fb_pixel_lead,16,default,18.33750000
2026-06-10,Meta Ads,Cliente-8595A0B1,1,Campanha-ACFE35BB,1,AdSet-909F3F76,1,Anuncio-B55D4254,1,387.0,12908,258,13,0,2190,10672,0,4,480.0,actions:offsite_conversion.fb_pixel_lead,13,default,29.76923077
2026-06-10,Meta Ads,Cliente-8595A0B1,1,Campanha-D03279CF,1,AdSet-4B62792C,1,Anuncio-2CF462B1,1,780.0,19515,390,20,0,2146,12439,0,7,840.0,actions:offsite_conversion.fb_pixel_lead,20,default,39.00000000
2026-06-10,Meta Ads,Cliente-8595A0B1,1,Campanha-D03279CF,1,AdSet-5DC66742,1,Anuncio-6D0AB7AE,1,306.0,7681,153,8,0,1462,6447,0,2,240.0,actions:offsite_conversion.fb_pixel_lead,8,default,38.25000000
2026-06-10,Meta Ads,Cliente-8595A0B1,1,Campanha-D4F4B6F7,1,AdSet-6CA8CD14,1,Anuncio-DEF80DD8,1,39.6,1693,33,0,0,148,1294,0,0,0.0,actions:offsite_conversion.fb_pixel_lead,0,,
2026-06-10,Meta Ads,Cliente-8595A0B1,1,Campanha-D4F4B6F7,1,AdSet-B1087453,1,Anuncio-32A606B5,1,58.8,2451,49,0,0,598,2034,0,0,0.0,actions:offsite_conversion.fb_pixel_lead,0,,
2026-06-10,Meta Ads,Cliente-AD42A32D,1,Campanha-1605BED1,1,AdSet-F891FAAE,1,Anuncio-2634260D,1,453.6,18936,378,19,0,3791,12527,0,6,720.0,,,,
2026-06-10,Meta Ads,Cliente-AD42A32D,1,Campanha-1605BED1,1,AdSet-F891FAAE,1,Anuncio-293DED4C,1,43.2,5409,108,5,0,562,3128,0,1,120.0,,,,
2026-06-10,Meta Ads,Cliente-AD42A32D,1,Campanha-1605BED1,1,AdSet-F891FAAE,1,Anuncio-E9DCB443,1,65.1,4683,93,5,0,1622,2581,0,1,120.0,,,,
2026-06-10,Meta Ads,Cliente-AD42A32D,1,Campanha-16CF835F,1,AdSet-4A6E7F00,1,Anuncio-ACD3E146,1,1196.0,23022,460,23,0,9148,18728,0,8,960.0,,,,
2026-06-10,Meta Ads,Cliente-AD42A32D,1,Campanha-78D97BE5,1,AdSet-2C3F076D,1,Anuncio-AE1F9355,1,561.4,20077,401,20,0,6325,14293,0,7,840.0,,,,
2026-06-10,Meta Ads,Cliente-AD42A32D,1,Campanha-78D97BE5,1,AdSet-ECF361B8,1,Anuncio-89F19D87,1,536.2,19162,383,19,0,2871,15369,0,6,720.0,,,,
2026-06-10,Meta Ads,Cliente-AD42A32D,1,Campanha-820B11BE,1,AdSet-EBF937FB,1,Anuncio-C6C8C9C1,1,680.0,17043,340,17,0,2149,12774,0,5,600.0,,,,
2026-06-11,Google Ads,Cliente-474CCCE3,1,Campanha-29ECA028,1,AdSet-32A0CF45,1,Anuncio-2FF839A3,1,588.0,14738,294,14.7,1764.0,324,0,0,0,0,,,,
2026-06-11,Google Ads,Cliente-474CCCE3,1,Campanha-29ECA028,1,AdSet-32A0CF45,1,Anuncio-9C010327,1,291.0,14578,291,14.55,1746.0,411,0,0,0,0,,,,
2026-06-11,Google Ads,Cliente-474CCCE3,1,Campanha-6E08A848,1,AdSet-CEC81128,1,Anuncio-3F3F9234,1,457.5,9153,183,9.15,1098.0,133,0,0,0,0,,,,
2026-06-11,Google Ads,Cliente-474CCCE3,1,Campanha-6E08A848,1,AdSet-D35341B0,1,Anuncio-FC062A4B,1,632.5,12653,253,12.65,1518.0,490,0,0,0,0,,,,
2026-06-11,Google Ads,Cliente-474CCCE3,1,Campanha-729BD069,1,AdSet-79BE6F30,1,Anuncio-4CF83B7A,1,366.6,14123,282,14.1,1692.0,546,0,0,0,0,,,,
2026-06-11,Google Ads,Cliente-474CCCE3,1,Campanha-729BD069,1,AdSet-79BE6F30,1,Anuncio-EB7DCF15,1,131.6,16451,329,16.45,1974.0,9,0,0,0,0,,,,
2026-06-11,Google Ads,Cliente-474CCCE3,1,Campanha-AB3864A1,1,AdSet-5D96CA07,1,Anuncio-44D65130,1,272.0,6837,136,6.8,816.0,311,0,0,0,0,,,,
2026-06-11,Google Ads,Cliente-474CCCE3,1,Campanha-AB3864A1,1,AdSet-B4166F22,1,Anuncio-B8431021,1,746.0,18684,373,18.65,2238.0,1058,0,0,0,0,,,,
2026-06-11,Google Ads,Cliente-474CCCE3,1,Campanha-EEA08F81,1,AdSet-21817692,1,Anuncio-97F07160,1,32.0,4022,80,4.0,480.0,107,0,0,0,0,,,,
2026-06-11,Google Ads,Cliente-474CCCE3,1,Campanha-EEA08F81,1,AdSet-39668F5E,1,Anuncio-2140A52E,1,294.0,24548,490,24.5,2940.0,243,0,0,0,0,,,,
2026-06-11,Google Ads,Cliente-474CCCE3,1,Campanha-EEA08F81,1,AdSet-39668F5E,1,Anuncio-2CD4E792,1,208.8,13067,261,13.05,1566.0,200,0,0,0,0,,,,
2026-06-11,Google Ads,Cliente-540F1743,1,Campanha-5FB26883,1,AdSet-75A9934D,1,Anuncio-0BD68F17,1,0.0,6340,126,6.3,756.0,58,0,0,0,0,,,,
2026-06-11,Google Ads,Cliente-540F1743,1,Campanha-5FB26883,1,AdSet-C9396344,1,Anuncio-71058119,1,0.0,10215,204,10.2,1224.0,231,0,0,0,0,,,,
2026-06-11,Google Ads,Cliente-540F1743,1,Campanha-6279950B,1,AdSet-818EA13C,1,Anuncio-2696D408,1,632.7,16665,333,16.65,1998.0,166,0,0,0,0,,,,
2026-06-11,Google Ads,Cliente-540F1743,1,Campanha-6279950B,1,AdSet-EA6C5DBD,1,Anuncio-B9B3D44A,1,184.3,4861,97,4.85,582.0,23,0,0,0,0,,,,
2026-06-11,Google Ads,Cliente-540F1743,1,Campanha-C4346965,1,AdSet-A39E8884,1,Anuncio-3F957FCA,1,204.6,9342,186,9.3,1116.0,354,0,0,0,0,,,,
2026-06-11,Google Ads,Cliente-540F1743,1,Campanha-C4346965,1,AdSet-DDA1CAB0,1,Anuncio-E33942DA,1,20.9,990,19,0.95,114.0,5,0,0,0,0,,,,
2026-06-11,Meta Ads,Cliente-0D954560,1,Campanha-C132C431,1,AdSet-0E701B9C,1,Anuncio-B54E991E,1,356.2,13730,274,14,0,5198,10294,0,4,480.0,,,,
2026-06-11,Meta Ads,Cliente-0D954560,1,Campanha-C132C431,1,AdSet-FD8E452C,1,Anuncio-281BA058,1,28.6,1124,22,1,0,461,690,0,0,0.0,,,,
2026-06-11,Meta Ads,Cliente-0D954560,1,Campanha-E2C66194,1,AdSet-78ECC024,1,Anuncio-1BA82A24,1,430.1,19599,391,0,0,4105,11303,0,0,0.0,,,,
2026-06-11,Meta Ads,Cliente-0D954560,1,Campanha-E2C66194,1,AdSet-F3818FF2,1,Anuncio-1039A314,1,303.6,13816,276,0,0,5941,9758,0,0,0.0,,,,
2026-06-11,Meta Ads,Cliente-1301E036,1,Campanha-5AA632F6,1,AdSet-15C3C269,1,Anuncio-6C40FF24,1,684.0,19044,380,19,0,6064,15393,0,6,720.0,video_thruplay_watched_actions,3638,default,0.18801539
2026-06-11,Meta Ads,Cliente-1301E036,1,Campanha-5AA632F6,1,AdSet-437F32CF,1,Anuncio-D93BAE53,1,180.0,5033,100,5,0,1367,3494,0,1,120.0,video_thruplay_watched_actions,820,default,0.21951220
2026-06-11,Meta Ads,Cliente-1301E036,1,Campanha-942DC529,1,AdSet-20AD549D,1,Anuncio-5488E69D,1,327.6,13686,273,14,0,5862,7740,0,4,480.0,video_thruplay_watched_actions,3517,default,0.09314757
2026-06-11,Meta Ads,Cliente-1301E036,1,Campanha-942DC529,1,AdSet-33DED8F4,1,Anuncio-E2BBB95C,1,307.2,12836,256,13,0,4481,9181,0,4,480.0,video_thruplay_watched_actions,2688,default,0.11428571
2026-06-11,Meta Ads,Cliente-1301E036,1,Campanha-A1087A42,1,AdSet-3F3A9FAC,1,Anuncio-08CD3708,1,144.0,9618,192,10,0,3790,6049,0,3,360.0,video_thruplay_watched_actions,2274,default,0.06332454
2026-06-11,Meta Ads,Cliente-1301E036,1,Campanha-A1087A42,1,AdSet-3F3A9FAC,1,Anuncio-19D03D54,1,98.75,19774,395,20,0,5206,16911,0,7,840.0,video_thruplay_watched_actions,3123,default,0.03162024
2026-06-11,Meta Ads,Cliente-1301E036,1,Campanha-A1087A42,1,AdSet-3F3A9FAC,1,Anuncio-1F0B0200,1,33.75,3769,75,4,0,548,2390,0,1,120.0,video_thruplay_watched_actions,328,default,0.10289634
2026-06-11,Meta Ads,Cliente-1301E036,1,Campanha-A1087A42,1,AdSet-3F3A9FAC,1,Anuncio-92C2AD5A,1,42.75,2297,45,2,0,797,1524,0,0,0.0,video_thruplay_watched_actions,478,default,0.08943515
2026-06-11,Meta Ads,Cliente-1301E036,1,Campanha-BAA2D61A,1,AdSet-F8D81242,1,Anuncio-9E8F58AB,1,223.2,4690,93,5,0,2040,3642,0,1,120.0,video_thruplay_watched_actions,1224,default,0.18235294
2026-06-11,Meta Ads,Cliente-6ED105CA,1,Campanha-409E3907,1,AdSet-3E655550,1,Anuncio-0888DFA2,1,378.4,8623,172,9,0,2966,7315,0,3,360.0,video_thruplay_watched_actions,1779,default,0.21270377
2026-06-11,Meta Ads,Cliente-6ED105CA,1,Campanha-86298F91,1,AdSet-D6A72598,1,Anuncio-09915A4E,1,413.0,20665,413,21,0,7653,17288,0,7,840.0,video_thruplay_watched_actions,4591,default,0.08995861
2026-06-11,Meta Ads,Cliente-8595A0B1,1,Campanha-026778BE,1,AdSet-C451AA6E,1,Anuncio-E5CAFB1B,1,273.9,8334,166,8,0,2486,6680,0,2,240.0,actions:offsite_conversion.fb_pixel_lead,8,default,34.23750000
2026-06-11,Meta Ads,Cliente-8595A0B1,1,Campanha-6C8B5548,1,AdSet-38FD9C4C,1,Anuncio-850EF202,1,490.0,9836,196,10,0,3235,7702,0,3,360.0,actions:offsite_conversion.fb_pixel_lead,10,default,49.00000000
2026-06-11,Meta Ads,Cliente-8595A0B1,1,Campanha-7435AF3B,1,AdSet-A9531AD0,1,Anuncio-E32DE258,1,477.0,23866,477,24,0,7601,18392,0,8,960.0,actions:offsite_conversion.fb_pixel_lead,24,default,19.87500000
2026-06-11,Meta Ads,Cliente-8595A0B1,1,Campanha-7435AF3B,1,AdSet-AB8B0426,1,Anuncio-DA061972,1,508.0,25412,508,25,0,2279,15035,0,8,960.0,actions:offsite_conversion.fb_pixel_lead,25,default,20.32000000
2026-06-11,Meta Ads,Cliente-8595A0B1,1,Campanha-80EA63AC,1,AdSet-839FE6F8,1,Anuncio-54AD6415,1,148.0,14825,296,15,0,3273,10225,0,5,600.0,actions:offsite_conversion.fb_pixel_lead,15,default,9.86666667
2026-06-11,Meta Ads,Cliente-8595A0B1,1,Campanha-80EA63AC,1,AdSet-839FE6F8,1,Anuncio-763D8A88,1,304.2,16919,338,17,0,6571,14603,0,5,600.0,actions:offsite_conversion.fb_pixel_lead,17,default,17.89411765
2026-06-11,Meta Ads,Cliente-8595A0B1,1,Campanha-80EA63AC,1,AdSet-839FE6F8,1,Anuncio-AF9B4192,1,16.2,1355,27,1,0,406,746,0,0,0.0,actions:offsite_conversion.fb_pixel_lead,1,default,16.20000000
2026-06-11,Meta Ads,Cliente-8595A0B1,1,Campanha-ACFE35BB,1,AdSet-909F3F76,1,Anuncio-B55D4254,1,310.5,10369,207,10,0,4401,6826,0,3,360.0,actions:offsite_conversion.fb_pixel_lead,10,default,31.05000000
2026-06-11,Meta Ads,Cliente-8595A0B1,1,Campanha-D03279CF,1,AdSet-4B62792C,1,Anuncio-2CF462B1,1,702.0,17565,351,18,0,6429,13265,0,6,720.0,actions:offsite_conversion.fb_pixel_lead,18,default,39.00000000
2026-06-11,Meta Ads,Cliente-8595A0B1,1,Campanha-D03279CF,1,AdSet-5DC66742,1,Anuncio-6D0AB7AE,1,428.0,10738,214,11,0,1429,9271,0,3,360.0,actions:offsite_conversion.fb_pixel_lead,11,default,38.90909091
2026-06-11,Meta Ads,Cliente-8595A0B1,1,Campanha-D4F4B6F7,1,AdSet-6CA8CD14,1,Anuncio-DEF80DD8,1,66.0,2751,55,0,0,683,1819,0,0,0.0,actions:offsite_conversion.fb_pixel_lead,0,,
2026-06-11,Meta Ads,Cliente-8595A0B1,1,Campanha-D4F4B6F7,1,AdSet-B1087453,1,Anuncio-32A606B5,1,15.6,654,13,0,0,173,540,0,0,0.0,actions:offsite_conversion.fb_pixel_lead,0,,
2026-06-11,Meta Ads,Cliente-AD42A32D,1,Campanha-1605BED1,1,AdSet-F891FAAE,1,Anuncio-2634260D,1,256.8,10748,214,11,0,2947,6011,0,3,360.0,,,,
2026-06-11,Meta Ads,Cliente-AD42A32D,1,Campanha-1605BED1,1,AdSet-F891FAAE,1,Anuncio-293DED4C,1,170.0,21275,425,21,0,8306,14547,0,7,840.0,,,,
2026-06-11,Meta Ads,Cliente-AD42A32D,1,Campanha-1605BED1,1,AdSet-F891FAAE,1,Anuncio-E9DCB443,1,184.8,13233,264,13,0,1447,11602,0,4,480.0,,,,
2026-06-11,Meta Ads,Cliente-AD42A32D,1,Campanha-16CF835F,1,AdSet-4A6E7F00,1,Anuncio-ACD3E146,1,1323.4,25475,509,25,0,3685,18069,0,8,960.0,,,,
2026-06-11,Meta Ads,Cliente-AD42A32D,1,Campanha-78D97BE5,1,AdSet-2C3F076D,1,Anuncio-AE1F9355,1,581.0,20762,415,21,0,5731,13935,0,7,840.0,,,,
2026-06-11,Meta Ads,Cliente-AD42A32D,1,Campanha-78D97BE5,1,AdSet-ECF361B8,1,Anuncio-89F19D87,1,142.8,5146,102,5,0,967,2964,0,1,120.0,,,,
2026-06-11,Meta Ads,Cliente-AD42A32D,1,Campanha-820B11BE,1,AdSet-EBF937FB,1,Anuncio-C6C8C9C1,1,134.0,3388,67,3,0,1364,2026,0,1,120.0,,,,
2026-06-12,Google Ads,Cliente-474CCCE3,1,Campanha-29ECA028,1,AdSet-32A0CF45,1,Anuncio-2FF839A3,1,300.0,7512,150,7.5,900.0,52,0,0,0,0,,,,
2026-06-12,Google Ads,Cliente-474CCCE3,1,Campanha-29ECA028,1,AdSet-32A0CF45,1,Anuncio-9C010327,1,270.0,13535,270,13.5,1620.0,723,0,0,0,0,,,,
2026-06-12,Google Ads,Cliente-474CCCE3,1,Campanha-29ECA028,1,AdSet-32A0CF45,1,Anuncio-A76D1B5E,1,85.5,2876,57,2.85,342.0,114,0,0,0,0,,,,
2026-06-12,Google Ads,Cliente-474CCCE3,1,Campanha-6E08A848,1,AdSet-CEC81128,1,Anuncio-3F3F9234,1,560.0,11228,224,11.2,1344.0,574,0,0,0,0,,,,
2026-06-12,Google Ads,Cliente-474CCCE3,1,Campanha-6E08A848,1,AdSet-D35341B0,1,Anuncio-FC062A4B,1,180.0,3648,72,3.6,432.0,43,0,0,0,0,,,,
2026-06-12,Google Ads,Cliente-474CCCE3,1,Campanha-729BD069,1,AdSet-79BE6F30,1,Anuncio-317F6C10,1,195.3,13993,279,13.95,1674.0,337,0,0,0,0,,,,
2026-06-12,Google Ads,Cliente-474CCCE3,1,Campanha-729BD069,1,AdSet-79BE6F30,1,Anuncio-4CF83B7A,1,96.2,3723,74,3.7,444.0,59,0,0,0,0,,,,
2026-06-12,Google Ads,Cliente-474CCCE3,1,Campanha-729BD069,1,AdSet-79BE6F30,1,Anuncio-6B4F96B4,1,49.0,2476,49,2.45,294.0,139,0,0,0,0,,,,
2026-06-12,Google Ads,Cliente-474CCCE3,1,Campanha-729BD069,1,AdSet-79BE6F30,1,Anuncio-EB7DCF15,1,98.8,12371,247,12.35,1482.0,422,0,0,0,0,,,,
2026-06-12,Google Ads,Cliente-474CCCE3,1,Campanha-AB3864A1,1,AdSet-5D96CA07,1,Anuncio-44D65130,1,812.0,20329,406,20.3,2436.0,439,0,0,0,0,,,,
2026-06-12,Google Ads,Cliente-474CCCE3,1,Campanha-EEA08F81,1,AdSet-21817692,1,Anuncio-97F07160,1,97.6,12220,244,12.2,1464.0,53,0,0,0,0,,,,
2026-06-12,Google Ads,Cliente-474CCCE3,1,Campanha-EEA08F81,1,AdSet-39668F5E,1,Anuncio-2140A52E,1,52.2,4388,87,4.35,522.0,207,0,0,0,0,,,,
2026-06-12,Google Ads,Cliente-474CCCE3,1,Campanha-EEA08F81,1,AdSet-39668F5E,1,Anuncio-2CD4E792,1,334.4,20924,418,20.9,2508.0,1174,0,0,0,0,,,,
2026-06-12,Google Ads,Cliente-540F1743,1,Campanha-5FB26883,1,AdSet-75A9934D,1,Anuncio-0BD68F17,1,0.0,19822,396,19.8,2376.0,152,0,0,0,0,,,,
2026-06-12,Google Ads,Cliente-540F1743,1,Campanha-5FB26883,1,AdSet-C9396344,1,Anuncio-71058119,1,0.0,5538,110,5.5,660.0,303,0,0,0,0,,,,
2026-06-12,Google Ads,Cliente-540F1743,1,Campanha-6279950B,1,AdSet-818EA13C,1,Anuncio-2696D408,1,336.3,8862,177,8.85,1062.0,310,0,0,0,0,,,,
2026-06-12,Google Ads,Cliente-540F1743,1,Campanha-6279950B,1,AdSet-EA6C5DBD,1,Anuncio-B9B3D44A,1,262.2,6946,138,6.9,828.0,146,0,0,0,0,,,,
2026-06-12,Google Ads,Cliente-540F1743,1,Campanha-C4346965,1,AdSet-A39E8884,1,Anuncio-3F957FCA,1,190.3,8670,173,8.65,1038.0,454,0,0,0,0,,,,
2026-06-12,Google Ads,Cliente-540F1743,1,Campanha-C4346965,1,AdSet-DDA1CAB0,1,Anuncio-E33942DA,1,138.6,6330,126,6.3,756.0,317,0,0,0,0,,,,
2026-06-12,Meta Ads,Cliente-0D954560,1,Campanha-C132C431,1,AdSet-0E701B9C,1,Anuncio-B54E991E,1,418.6,16116,322,16,0,6384,11728,0,5,600.0,,,,
2026-06-12,Meta Ads,Cliente-0D954560,1,Campanha-C132C431,1,AdSet-FD8E452C,1,Anuncio-281BA058,1,408.2,15716,314,16,0,2208,11850,0,5,600.0,,,,
2026-06-12,Meta Ads,Cliente-0D954560,1,Campanha-E2C66194,1,AdSet-78ECC024,1,Anuncio-1BA82A24,1,56.1,2582,51,0,0,736,2097,0,0,0.0,,,,
2026-06-12,Meta Ads,Cliente-0D954560,1,Campanha-E2C66194,1,AdSet-F3818FF2,1,Anuncio-1039A314,1,235.4,10739,214,0,0,978,9042,0,0,0.0,,,,
2026-06-12,Meta Ads,Cliente-1301E036,1,Campanha-5AA632F6,1,AdSet-437F32CF,1,Anuncio-D93BAE53,1,577.8,16071,321,16,0,3785,10988,0,5,600.0,video_thruplay_watched_actions,2271,default,0.25442536
2026-06-12,Meta Ads,Cliente-1301E036,1,Campanha-942DC529,1,AdSet-20AD549D,1,Anuncio-5488E69D,1,501.6,20919,418,21,0,3555,14495,0,7,840.0,video_thruplay_watched_actions,2133,default,0.23516174
2026-06-12,Meta Ads,Cliente-1301E036,1,Campanha-942DC529,1,AdSet-33DED8F4,1,Anuncio-E2BBB95C,1,229.2,9554,191,10,0,3738,6965,0,3,360.0,video_thruplay_watched_actions,2242,default,0.10223015
2026-06-12,Meta Ads,Cliente-1301E036,1,Campanha-A1087A42,1,AdSet-3F3A9FAC,1,Anuncio-08CD3708,1,162.75,10876,217,11,0,3289,9289,0,3,360.0,video_thruplay_watched_actions,1973,default,0.08248860
2026-06-12,Meta Ads,Cliente-1301E036,1,Campanha-A1087A42,1,AdSet-3F3A9FAC,1,Anuncio-19D03D54,1,123.25,24665,493,25,0,4673,19527,0,8,960.0,video_thruplay_watched_actions,2803,default,0.04397075
2026-06-12,Meta Ads,Cliente-1301E036,1,Campanha-A1087A42,1,AdSet-3F3A9FAC,1,Anuncio-1F0B0200,1,37.35,4150,83,4,0,1310,3300,0,1,120.0,video_thruplay_watched_actions,786,default,0.04751908
2026-06-12,Meta Ads,Cliente-1301E036,1,Campanha-A1087A42,1,AdSet-3F3A9FAC,1,Anuncio-92C2AD5A,1,49.4,2614,52,3,0,774,1669,0,1,120.0,video_thruplay_watched_actions,464,default,0.10646552
2026-06-12,Meta Ads,Cliente-1301E036,1,Campanha-A1087A42,1,AdSet-3F3A9FAC,1,Anuncio-C512F752,1,197.4,16488,329,16,0,5185,11335,0,5,600.0,video_thruplay_watched_actions,3111,default,0.06345227
2026-06-12,Meta Ads,Cliente-1301E036,1,Campanha-BAA2D61A,1,AdSet-21718E81,1,Anuncio-7E3C39EB,1,607.2,12694,253,13,0,4855,7610,0,4,480.0,video_thruplay_watched_actions,2913,default,0.20844490
2026-06-12,Meta Ads,Cliente-1301E036,1,Campanha-BAA2D61A,1,AdSet-F8D81242,1,Anuncio-9E8F58AB,1,1003.2,20949,418,21,0,6486,14245,0,7,840.0,video_thruplay_watched_actions,3891,default,0.25782575
2026-06-12,Meta Ads,Cliente-6ED105CA,1,Campanha-409E3907,1,AdSet-3E655550,1,Anuncio-0888DFA2,1,396.0,9024,180,9,0,1401,7393,0,3,360.0,video_thruplay_watched_actions,840,default,0.47142857
2026-06-12,Meta Ads,Cliente-6ED105CA,1,Campanha-409E3907,1,AdSet-DC1F642E,1,Anuncio-AD28A55D,1,349.8,7983,159,8,0,2299,4698,0,2,240.0,video_thruplay_watched_actions,1379,default,0.25366207
2026-06-12,Meta Ads,Cliente-6ED105CA,1,Campanha-86298F91,1,AdSet-1CAEFB1E,1,Anuncio-52861658,1,364.0,18241,364,18,0,2340,15414,0,6,720.0,video_thruplay_watched_actions,1404,default,0.25925926
2026-06-12,Meta Ads,Cliente-6ED105CA,1,Campanha-86298F91,1,AdSet-D6A72598,1,Anuncio-09915A4E,1,290.0,14516,290,14,0,3150,12707,0,4,480.0,video_thruplay_watched_actions,1890,default,0.15343915
2026-06-12,Meta Ads,Cliente-8595A0B1,1,Campanha-026778BE,1,AdSet-C451AA6E,1,Anuncio-E5CAFB1B,1,420.75,12786,255,13,0,4774,10241,0,4,480.0,actions:offsite_conversion.fb_pixel_lead,13,default,32.36538462
2026-06-12,Meta Ads,Cliente-8595A0B1,1,Campanha-026778BE,1,AdSet-E02677A8,1,Anuncio-6A27FA82,1,361.35,10985,219,11,0,1219,9112,0,3,360.0,actions:offsite_conversion.fb_pixel_lead,11,default,32.85000000
2026-06-12,Meta Ads,Cliente-8595A0B1,1,Campanha-6C8B5548,1,AdSet-38FD9C4C,1,Anuncio-850EF202,1,700.0,14011,280,14,0,1592,12326,0,4,480.0,actions:offsite_conversion.fb_pixel_lead,14,default,50.00000000
2026-06-12,Meta Ads,Cliente-8595A0B1,1,Campanha-6C8B5548,1,AdSet-D113B19A,1,Anuncio-A30083A9,1,457.5,9168,183,9,0,3640,5156,0,3,360.0,actions:offsite_conversion.fb_pixel_lead,9,default,50.83333333
2026-06-12,Meta Ads,Cliente-8595A0B1,1,Campanha-7435AF3B,1,AdSet-A9531AD0,1,Anuncio-E32DE258,1,239.0,11970,239,12,0,4818,7743,0,4,480.0,actions:offsite_conversion.fb_pixel_lead,12,default,19.91666667
2026-06-12,Meta Ads,Cliente-8595A0B1,1,Campanha-80EA63AC,1,AdSet-839FE6F8,1,Anuncio-54AD6415,1,70.0,7020,140,7,0,1137,4311,0,2,240.0,actions:offsite_conversion.fb_pixel_lead,7,default,10.00000000
2026-06-12,Meta Ads,Cliente-8595A0B1,1,Campanha-80EA63AC,1,AdSet-839FE6F8,1,Anuncio-AF9B4192,1,154.2,12896,257,13,0,5693,9152,0,4,480.0,actions:offsite_conversion.fb_pixel_lead,13,default,11.86153846
2026-06-12,Meta Ads,Cliente-8595A0B1,1,Campanha-80EA63AC,1,AdSet-839FE6F8,1,Anuncio-F7564EEF,1,29.2,7323,146,7,0,2740,4148,0,2,240.0,actions:offsite_conversion.fb_pixel_lead,7,default,4.17142857
2026-06-12,Meta Ads,Cliente-8595A0B1,1,Campanha-ACFE35BB,1,AdSet-2FA08C4F,1,Anuncio-2FCC58DA,1,484.5,16193,323,16,0,1631,14452,0,5,600.0,actions:offsite_conversion.fb_pixel_lead,16,default,30.28125000
2026-06-12,Meta Ads,Cliente-8595A0B1,1,Campanha-ACFE35BB,1,AdSet-909F3F76,1,Anuncio-B55D4254,1,343.5,11489,229,11,0,4181,8154,0,3,360.0,actions:offsite_conversion.fb_pixel_lead,11,default,31.22727273
2026-06-12,Meta Ads,Cliente-8595A0B1,1,Campanha-D03279CF,1,AdSet-4B62792C,1,Anuncio-2CF462B1,1,332.0,8319,166,8,0,2764,7148,0,2,240.0,actions:offsite_conversion.fb_pixel_lead,8,default,41.50000000
2026-06-12,Meta Ads,Cliente-8595A0B1,1,Campanha-D4F4B6F7,1,AdSet-6CA8CD14,1,Anuncio-DEF80DD8,1,32.4,1354,27,0,0,186,1014,0,0,0.0,actions:offsite_conversion.fb_pixel_lead,0,,
2026-06-12,Meta Ads,Cliente-8595A0B1,1,Campanha-D4F4B6F7,1,AdSet-B1087453,1,Anuncio-32A606B5,1,14.4,637,12,0,0,117,568,0,0,0.0,actions:offsite_conversion.fb_pixel_lead,0,,
2026-06-12,Meta Ads,Cliente-AD42A32D,1,Campanha-1605BED1,1,AdSet-F891FAAE,1,Anuncio-2634260D,1,63.6,2680,53,3,0,381,1584,0,1,120.0,,,,
2026-06-12,Meta Ads,Cliente-AD42A32D,1,Campanha-1605BED1,1,AdSet-F891FAAE,1,Anuncio-293DED4C,1,42.8,5368,107,5,0,2316,4526,0,1,120.0,,,,
2026-06-12,Meta Ads,Cliente-AD42A32D,1,Campanha-1605BED1,1,AdSet-F891FAAE,1,Anuncio-4EC6EBAA,1,157.5,8787,175,9,0,2807,6263,0,3,360.0,,,,
2026-06-12,Meta Ads,Cliente-AD42A32D,1,Campanha-1605BED1,1,AdSet-F891FAAE,1,Anuncio-E9DCB443,1,100.1,7186,143,7,0,2351,4718,0,2,240.0,,,,
2026-06-12,Meta Ads,Cliente-AD42A32D,1,Campanha-16CF835F,1,AdSet-4A6E7F00,1,Anuncio-ACD3E146,1,613.6,11836,236,12,0,4658,8608,0,4,480.0,,,,
2026-06-12,Meta Ads,Cliente-AD42A32D,1,Campanha-16CF835F,1,AdSet-6272CAA6,1,Anuncio-A274723C,1,605.8,11690,233,12,0,4609,9967,0,4,480.0,,,,
2026-06-12,Meta Ads,Cliente-AD42A32D,1,Campanha-78D97BE5,1,AdSet-ECF361B8,1,Anuncio-89F19D87,1,218.4,7801,156,8,0,1764,5849,0,2,240.0,,,,
2026-06-12,Meta Ads,Cliente-AD42A32D,1,Campanha-820B11BE,1,AdSet-9AF72A34,1,Anuncio-74975EB1,1,48.0,1217,24,1,0,545,782,0,0,0.0,,,,
2026-06-12,Meta Ads,Cliente-AD42A32D,1,Campanha-820B11BE,1,AdSet-EBF937FB,1,Anuncio-C6C8C9C1,1,600.0,15044,300,15,0,6092,12531,0,5,600.0,,,,
2026-06-13,Google Ads,Cliente-474CCCE3,1,Campanha-29ECA028,1,AdSet-32A0CF45,1,Anuncio-2FF839A3,1,528.0,13246,264,13.2,1584.0,397,0,0,0,0,,,,
2026-06-13,Google Ads,Cliente-474CCCE3,1,Campanha-29ECA028,1,AdSet-32A0CF45,1,Anuncio-9C010327,1,137.0,6866,137,6.85,822.0,296,0,0,0,0,,,,
2026-06-13,Google Ads,Cliente-474CCCE3,1,Campanha-29ECA028,1,AdSet-32A0CF45,1,Anuncio-A76D1B5E,1,46.5,1557,31,1.55,186.0,20,0,0,0,0,,,,
2026-06-13,Google Ads,Cliente-474CCCE3,1,Campanha-6E08A848,1,AdSet-CEC81128,1,Anuncio-3F3F9234,1,370.0,7412,148,7.4,888.0,158,0,0,0,0,,,,
2026-06-13,Google Ads,Cliente-474CCCE3,1,Campanha-6E08A848,1,AdSet-D35341B0,1,Anuncio-FC062A4B,1,635.0,12748,254,12.7,1524.0,133,0,0,0,0,,,,
2026-06-13,Google Ads,Cliente-474CCCE3,1,Campanha-729BD069,1,AdSet-79BE6F30,1,Anuncio-317F6C10,1,49.0,3526,70,3.5,420.0,24,0,0,0,0,,,,
2026-06-13,Google Ads,Cliente-474CCCE3,1,Campanha-729BD069,1,AdSet-79BE6F30,1,Anuncio-4CF83B7A,1,31.2,1210,24,1.2,144.0,15,0,0,0,0,,,,
2026-06-13,Google Ads,Cliente-474CCCE3,1,Campanha-729BD069,1,AdSet-79BE6F30,1,Anuncio-6B4F96B4,1,114.0,5731,114,5.7,684.0,287,0,0,0,0,,,,
2026-06-13,Google Ads,Cliente-474CCCE3,1,Campanha-729BD069,1,AdSet-79BE6F30,1,Anuncio-B452532A,1,145.6,4559,91,4.55,546.0,65,0,0,0,0,,,,
2026-06-13,Google Ads,Cliente-474CCCE3,1,Campanha-729BD069,1,AdSet-79BE6F30,1,Anuncio-EB7DCF15,1,114.4,14322,286,14.3,1716.0,856,0,0,0,0,,,,
2026-06-13,Google Ads,Cliente-474CCCE3,1,Campanha-AB3864A1,1,AdSet-B4166F22,1,Anuncio-B8431021,1,74.0,1891,37,1.85,222.0,21,0,0,0,0,,,,
2026-06-13,Google Ads,Cliente-474CCCE3,1,Campanha-EEA08F81,1,AdSet-21817692,1,Anuncio-1F2C3323,1,44.8,11233,224,11.2,1344.0,447,0,0,0,0,,,,
2026-06-13,Google Ads,Cliente-474CCCE3,1,Campanha-EEA08F81,1,AdSet-21817692,1,Anuncio-97F07160,1,15.2,1918,38,1.9,228.0,95,0,0,0,0,,,,
2026-06-13,Google Ads,Cliente-474CCCE3,1,Campanha-EEA08F81,1,AdSet-39668F5E,1,Anuncio-2140A52E,1,113.4,9479,189,9.45,1134.0,393,0,0,0,0,,,,
2026-06-13,Google Ads,Cliente-474CCCE3,1,Campanha-EEA08F81,1,AdSet-39668F5E,1,Anuncio-2CD4E792,1,169.6,10635,212,10.6,1272.0,286,0,0,0,0,,,,
2026-06-13,Google Ads,Cliente-540F1743,1,Campanha-5FB26883,1,AdSet-75A9934D,1,Anuncio-0BD68F17,1,0.0,5309,106,5.3,636.0,206,0,0,0,0,,,,
2026-06-13,Google Ads,Cliente-540F1743,1,Campanha-5FB26883,1,AdSet-C9396344,1,Anuncio-71058119,1,0.0,9245,184,9.2,1104.0,139,0,0,0,0,,,,
2026-06-13,Google Ads,Cliente-540F1743,1,Campanha-6279950B,1,AdSet-818EA13C,1,Anuncio-2696D408,1,507.3,13395,267,13.35,1602.0,251,0,0,0,0,,,,
2026-06-13,Google Ads,Cliente-540F1743,1,Campanha-C4346965,1,AdSet-A39E8884,1,Anuncio-3F957FCA,1,25.3,1150,23,1.15,138.0,37,0,0,0,0,,,,
2026-06-13,Google Ads,Cliente-540F1743,1,Campanha-C4346965,1,AdSet-DDA1CAB0,1,Anuncio-E33942DA,1,254.1,11580,231,11.55,1386.0,495,0,0,0,0,,,,
2026-06-13,Meta Ads,Cliente-0D954560,1,Campanha-C132C431,1,AdSet-0E701B9C,1,Anuncio-B54E991E,1,57.2,2217,44,2,0,715,1486,0,0,0.0,,,,
2026-06-13,Meta Ads,Cliente-0D954560,1,Campanha-C132C431,1,AdSet-FD8E452C,1,Anuncio-281BA058,1,210.6,8105,162,8,0,2315,5051,0,2,240.0,,,,
2026-06-13,Meta Ads,Cliente-0D954560,1,Campanha-E2C66194,1,AdSet-78ECC024,1,Anuncio-1BA82A24,1,300.3,13676,273,0,0,5795,7583,0,0,0.0,,,,
2026-06-13,Meta Ads,Cliente-0D954560,1,Campanha-E2C66194,1,AdSet-F3818FF2,1,Anuncio-1039A314,1,262.9,11989,239,0,0,5047,9082,0,0,0.0,,,,
2026-06-13,Meta Ads,Cliente-1301E036,1,Campanha-5AA632F6,1,AdSet-15C3C269,1,Anuncio-6C40FF24,1,439.2,12230,244,12,0,1770,9301,0,4,480.0,video_thruplay_watched_actions,1062,default,0.41355932
2026-06-13,Meta Ads,Cliente-1301E036,1,Campanha-5AA632F6,1,AdSet-437F32CF,1,Anuncio-D93BAE53,1,117.0,3280,65,3,0,1456,2904,0,1,120.0,video_thruplay_watched_actions,873,default,0.13402062
2026-06-13,Meta Ads,Cliente-1301E036,1,Campanha-942DC529,1,AdSet-20AD549D,1,Anuncio-5488E69D,1,327.6,13663,273,14,0,3353,8311,0,4,480.0,video_thruplay_watched_actions,2011,default,0.16290403
2026-06-13,Meta Ads,Cliente-1301E036,1,Campanha-942DC529,1,AdSet-33DED8F4,1,Anuncio-E2BBB95C,1,159.6,6679,133,7,0,1870,4336,0,2,240.0,video_thruplay_watched_actions,1122,default,0.14224599
2026-06-13,Meta Ads,Cliente-1301E036,1,Campanha-A1087A42,1,AdSet-3F3A9FAC,1,Anuncio-08CD3708,1,66.75,4481,89,4,0,1343,2581,0,1,120.0,video_thruplay_watched_actions,805,default,0.08291925
2026-06-13,Meta Ads,Cliente-1301E036,1,Campanha-A1087A42,1,AdSet-3F3A9FAC,1,Anuncio-19D03D54,1,14.0,2847,56,3,0,666,1823,0,1,120.0,video_thruplay_watched_actions,399,default,0.03508772
2026-06-13,Meta Ads,Cliente-1301E036,1,Campanha-A1087A42,1,AdSet-3F3A9FAC,1,Anuncio-1F0B0200,1,62.1,6908,138,7,0,1790,3873,0,2,240.0,video_thruplay_watched_actions,1074,default,0.05782123
2026-06-13,Meta Ads,Cliente-1301E036,1,Campanha-A1087A42,1,AdSet-3F3A9FAC,1,Anuncio-C512F752,1,109.2,9137,182,9,0,3638,7337,0,3,360.0,video_thruplay_watched_actions,2182,default,0.05004583
2026-06-13,Meta Ads,Cliente-1301E036,1,Campanha-BAA2D61A,1,AdSet-21718E81,1,Anuncio-7E3C39EB,1,326.4,6820,136,7,0,3006,5748,0,2,240.0,video_thruplay_watched_actions,1803,default,0.18103161
2026-06-13,Meta Ads,Cliente-1301E036,1,Campanha-BAA2D61A,1,AdSet-F8D81242,1,Anuncio-9E8F58AB,1,64.8,1382,27,1,0,542,1010,0,0,0.0,video_thruplay_watched_actions,325,default,0.19938462
2026-06-13,Meta Ads,Cliente-6ED105CA,1,Campanha-409E3907,1,AdSet-DC1F642E,1,Anuncio-AD28A55D,1,585.2,13317,266,13,0,1992,10216,0,4,480.0,video_thruplay_watched_actions,1195,default,0.48970711
2026-06-13,Meta Ads,Cliente-6ED105CA,1,Campanha-86298F91,1,AdSet-1CAEFB1E,1,Anuncio-52861658,1,44.0,2216,44,2,0,285,1971,0,0,0.0,video_thruplay_watched_actions,171,default,0.25730994
2026-06-13,Meta Ads,Cliente-8595A0B1,1,Campanha-026778BE,1,AdSet-C451AA6E,1,Anuncio-E5CAFB1B,1,44.55,1373,27,1,0,225,777,0,0,0.0,actions:offsite_conversion.fb_pixel_lead,1,default,44.55000000
2026-06-13,Meta Ads,Cliente-8595A0B1,1,Campanha-6C8B5548,1,AdSet-38FD9C4C,1,Anuncio-850EF202,1,465.0,9305,186,9,0,837,7811,0,3,360.0,actions:offsite_conversion.fb_pixel_lead,9,default,51.66666667
2026-06-13,Meta Ads,Cliente-8595A0B1,1,Campanha-6C8B5548,1,AdSet-D113B19A,1,Anuncio-A30083A9,1,420.0,8430,168,8,0,2874,5285,0,2,240.0,actions:offsite_conversion.fb_pixel_lead,8,default,52.50000000
2026-06-13,Meta Ads,Cliente-8595A0B1,1,Campanha-7435AF3B,1,AdSet-A9531AD0,1,Anuncio-E32DE258,1,43.0,2184,43,2,0,474,1520,0,0,0.0,actions:offsite_conversion.fb_pixel_lead,2,default,21.50000000
2026-06-13,Meta Ads,Cliente-8595A0B1,1,Campanha-7435AF3B,1,AdSet-AB8B0426,1,Anuncio-DA061972,1,284.0,14214,284,14,0,3822,7928,0,4,480.0,actions:offsite_conversion.fb_pixel_lead,14,default,20.28571429
2026-06-13,Meta Ads,Cliente-8595A0B1,1,Campanha-80EA63AC,1,AdSet-839FE6F8,1,Anuncio-54AD6415,1,62.0,6239,124,6,0,1674,4411,0,2,240.0,actions:offsite_conversion.fb_pixel_lead,6,default,10.33333333
2026-06-13,Meta Ads,Cliente-8595A0B1,1,Campanha-80EA63AC,1,AdSet-839FE6F8,1,Anuncio-AF9B4192,1,73.2,6114,122,6,0,2684,5034,0,2,240.0,actions:offsite_conversion.fb_pixel_lead,6,default,12.20000000
2026-06-13,Meta Ads,Cliente-8595A0B1,1,Campanha-ACFE35BB,1,AdSet-2FA08C4F,1,Anuncio-2FCC58DA,1,444.0,14830,296,15,0,2117,12142,0,5,600.0,actions:offsite_conversion.fb_pixel_lead,15,default,29.60000000
2026-06-13,Meta Ads,Cliente-8595A0B1,1,Campanha-ACFE35BB,1,AdSet-909F3F76,1,Anuncio-B55D4254,1,298.5,9989,199,10,0,4164,7331,0,3,360.0,actions:offsite_conversion.fb_pixel_lead,10,default,29.85000000
2026-06-13,Meta Ads,Cliente-8595A0B1,1,Campanha-D03279CF,1,AdSet-4B62792C,1,Anuncio-2CF462B1,1,402.0,10058,201,10,0,2704,6489,0,3,360.0,actions:offsite_conversion.fb_pixel_lead,10,default,40.20000000
2026-06-13,Meta Ads,Cliente-8595A0B1,1,Campanha-D03279CF,1,AdSet-5DC66742,1,Anuncio-6D0AB7AE,1,80.0,2013,40,2,0,807,1132,0,0,0.0,actions:offsite_conversion.fb_pixel_lead,2,default,40.00000000
2026-06-13,Meta Ads,Cliente-8595A0B1,1,Campanha-D4F4B6F7,1,AdSet-6CA8CD14,1,Anuncio-DEF80DD8,1,52.8,2228,44,0,0,972,1609,0,0,0.0,actions:offsite_conversion.fb_pixel_lead,0,,
2026-06-13,Meta Ads,Cliente-8595A0B1,1,Campanha-D4F4B6F7,1,AdSet-B1087453,1,Anuncio-32A606B5,1,24.0,1045,20,0,0,201,716,0,0,0.0,actions:offsite_conversion.fb_pixel_lead,0,,
2026-06-13,Meta Ads,Cliente-AD42A32D,1,Campanha-1605BED1,1,AdSet-F891FAAE,1,Anuncio-2634260D,1,166.8,6997,139,7,0,2844,6051,0,2,240.0,,,,
2026-06-13,Meta Ads,Cliente-AD42A32D,1,Campanha-1605BED1,1,AdSet-F891FAAE,1,Anuncio-4EC6EBAA,1,198.9,11069,221,11,0,3978,9117,0,3,360.0,,,,
2026-06-13,Meta Ads,Cliente-AD42A32D,1,Campanha-1605BED1,1,AdSet-F891FAAE,1,Anuncio-E9DCB443,1,75.6,5432,108,5,0,562,3782,0,1,120.0,,,,
2026-06-13,Meta Ads,Cliente-AD42A32D,1,Campanha-16CF835F,1,AdSet-4A6E7F00,1,Anuncio-ACD3E146,1,309.4,5963,119,6,0,964,4643,0,2,240.0,,,,
2026-06-13,Meta Ads,Cliente-AD42A32D,1,Campanha-78D97BE5,1,AdSet-2C3F076D,1,Anuncio-AE1F9355,1,128.8,4648,92,5,0,1114,2666,0,1,120.0,,,,
2026-06-13,Meta Ads,Cliente-AD42A32D,1,Campanha-78D97BE5,1,AdSet-ECF361B8,1,Anuncio-89F19D87,1,183.4,6572,131,7,0,1632,3964,0,2,240.0,,,,
2026-06-14,Google Ads,Cliente-474CCCE3,1,Campanha-29ECA028,1,AdSet-32A0CF45,1,Anuncio-2FF839A3,1,252.0,6334,126,6.3,756.0,281,0,0,0,0,,,,
2026-06-14,Google Ads,Cliente-474CCCE3,1,Campanha-29ECA028,1,AdSet-32A0CF45,1,Anuncio-9C010327,1,216.0,10842,216,10.8,1296.0,471,0,0,0,0,,,,
2026-06-14,Google Ads,Cliente-474CCCE3,1,Campanha-29ECA028,1,AdSet-32A0CF45,1,Anuncio-A76D1B5E,1,390.0,13001,260,13.0,1560.0,265,0,0,0,0,,,,
2026-06-14,Google Ads,Cliente-474CCCE3,1,Campanha-6E08A848,1,AdSet-CEC81128,1,Anuncio-3F3F9234,1,692.5,13864,277,13.85,1662.0,389,0,0,0,0,,,,
2026-06-14,Google Ads,Cliente-474CCCE3,1,Campanha-6E08A848,1,AdSet-D35341B0,1,Anuncio-FC062A4B,1,130.0,2635,52,2.6,312.0,79,0,0,0,0,,,,
2026-06-14,Google Ads,Cliente-474CCCE3,1,Campanha-729BD069,1,AdSet-79BE6F30,1,Anuncio-317F6C10,1,197.4,14104,282,14.1,1692.0,569,0,0,0,0,,,,
2026-06-14,Google Ads,Cliente-474CCCE3,1,Campanha-729BD069,1,AdSet-79BE6F30,1,Anuncio-4CF83B7A,1,380.9,14661,293,14.65,1758.0,88,0,0,0,0,,,,
2026-06-14,Google Ads,Cliente-474CCCE3,1,Campanha-729BD069,1,AdSet-79BE6F30,1,Anuncio-6B4F96B4,1,105.0,5262,105,5.25,630.0,178,0,0,0,0,,,,
2026-06-14,Google Ads,Cliente-474CCCE3,1,Campanha-729BD069,1,AdSet-79BE6F30,1,Anuncio-B452532A,1,329.6,10340,206,10.3,1236.0,440,0,0,0,0,,,,
2026-06-14,Google Ads,Cliente-474CCCE3,1,Campanha-729BD069,1,AdSet-79BE6F30,1,Anuncio-EB7DCF15,1,106.4,13328,266,13.3,1596.0,552,0,0,0,0,,,,
2026-06-14,Google Ads,Cliente-474CCCE3,1,Campanha-AB3864A1,1,AdSet-5D96CA07,1,Anuncio-44D65130,1,180.0,4545,90,4.5,540.0,131,0,0,0,0,,,,
2026-06-14,Google Ads,Cliente-474CCCE3,1,Campanha-AB3864A1,1,AdSet-B4166F22,1,Anuncio-B8431021,1,476.0,11944,238,11.9,1428.0,657,0,0,0,0,,,,
2026-06-14,Google Ads,Cliente-474CCCE3,1,Campanha-EEA08F81,1,AdSet-21817692,1,Anuncio-1F2C3323,1,32.4,8138,162,8.1,972.0,273,0,0,0,0,,,,
2026-06-14,Google Ads,Cliente-474CCCE3,1,Campanha-EEA08F81,1,AdSet-21817692,1,Anuncio-97F07160,1,57.2,7160,143,7.15,858.0,312,0,0,0,0,,,,
2026-06-14,Google Ads,Cliente-474CCCE3,1,Campanha-EEA08F81,1,AdSet-39668F5E,1,Anuncio-2140A52E,1,15.0,1270,25,1.25,150.0,32,0,0,0,0,,,,
2026-06-14,Google Ads,Cliente-474CCCE3,1,Campanha-EEA08F81,1,AdSet-39668F5E,1,Anuncio-2CD4E792,1,20.8,1301,26,1.3,156.0,51,0,0,0,0,,,,
2026-06-14,Google Ads,Cliente-540F1743,1,Campanha-5FB26883,1,AdSet-75A9934D,1,Anuncio-0BD68F17,1,0.0,7827,156,7.8,936.0,329,0,0,0,0,,,,
2026-06-14,Google Ads,Cliente-540F1743,1,Campanha-5FB26883,1,AdSet-C9396344,1,Anuncio-71058119,1,0.0,13730,274,13.7,1644.0,427,0,0,0,0,,,,
2026-06-14,Google Ads,Cliente-540F1743,1,Campanha-6279950B,1,AdSet-818EA13C,1,Anuncio-2696D408,1,22.8,648,12,0.6,72.0,27,0,0,0,0,,,,
2026-06-14,Google Ads,Cliente-540F1743,1,Campanha-6279950B,1,AdSet-EA6C5DBD,1,Anuncio-B9B3D44A,1,374.3,9862,197,9.85,1182.0,485,0,0,0,0,,,,
2026-06-14,Google Ads,Cliente-540F1743,1,Campanha-C4346965,1,AdSet-A39E8884,1,Anuncio-3F957FCA,1,158.4,7204,144,7.2,864.0,310,0,0,0,0,,,,
2026-06-14,Google Ads,Cliente-540F1743,1,Campanha-C4346965,1,AdSet-DDA1CAB0,1,Anuncio-E33942DA,1,236.5,10754,215,10.75,1290.0,373,0,0,0,0,,,,
2026-06-14,Meta Ads,Cliente-0D954560,1,Campanha-C132C431,1,AdSet-0E701B9C,1,Anuncio-B54E991E,1,145.6,5624,112,6,0,2334,4116,0,2,240.0,,,,
2026-06-14,Meta Ads,Cliente-0D954560,1,Campanha-C132C431,1,AdSet-FD8E452C,1,Anuncio-281BA058,1,270.4,10433,208,10,0,3233,8944,0,3,360.0,,,,
2026-06-14,Meta Ads,Cliente-0D954560,1,Campanha-E2C66194,1,AdSet-78ECC024,1,Anuncio-1BA82A24,1,94.6,4318,86,0,0,995,3203,0,0,0.0,,,,
2026-06-14,Meta Ads,Cliente-0D954560,1,Campanha-E2C66194,1,AdSet-F3818FF2,1,Anuncio-1039A314,1,140.8,6442,128,0,0,2518,5623,0,0,0.0,,,,
2026-06-14,Meta Ads,Cliente-1301E036,1,Campanha-5AA632F6,1,AdSet-15C3C269,1,Anuncio-6C40FF24,1,304.2,8489,169,8,0,1546,6161,0,2,240.0,video_thruplay_watched_actions,927,default,0.32815534
2026-06-14,Meta Ads,Cliente-1301E036,1,Campanha-5AA632F6,1,AdSet-437F32CF,1,Anuncio-D93BAE53,1,468.0,13047,260,13,0,2785,7592,0,4,480.0,video_thruplay_watched_actions,1671,default,0.28007181
2026-06-14,Meta Ads,Cliente-1301E036,1,Campanha-942DC529,1,AdSet-20AD549D,1,Anuncio-5488E69D,1,206.4,8639,172,9,0,3341,6986,0,3,360.0,video_thruplay_watched_actions,2004,default,0.10299401
2026-06-14,Meta Ads,Cliente-1301E036,1,Campanha-942DC529,1,AdSet-33DED8F4,1,Anuncio-E2BBB95C,1,309.6,12920,258,13,0,3160,9994,0,4,480.0,video_thruplay_watched_actions,1896,default,0.16329114
2026-06-14,Meta Ads,Cliente-1301E036,1,Campanha-A1087A42,1,AdSet-3F3A9FAC,1,Anuncio-08CD3708,1,204.75,13675,273,14,0,4807,8633,0,4,480.0,video_thruplay_watched_actions,2884,default,0.07099515
2026-06-14,Meta Ads,Cliente-1301E036,1,Campanha-A1087A42,1,AdSet-3F3A9FAC,1,Anuncio-19D03D54,1,27.75,5587,111,6,0,1255,3569,0,2,240.0,video_thruplay_watched_actions,753,default,0.03685259
2026-06-14,Meta Ads,Cliente-1301E036,1,Campanha-A1087A42,1,AdSet-3F3A9FAC,1,Anuncio-1F0B0200,1,93.6,10412,208,10,0,4087,7567,0,3,360.0,video_thruplay_watched_actions,2452,default,0.03817292
2026-06-14,Meta Ads,Cliente-1301E036,1,Campanha-A1087A42,1,AdSet-3F3A9FAC,1,Anuncio-92C2AD5A,1,129.2,6846,136,7,0,548,4481,0,2,240.0,video_thruplay_watched_actions,328,default,0.39390244
2026-06-14,Meta Ads,Cliente-1301E036,1,Campanha-BAA2D61A,1,AdSet-21718E81,1,Anuncio-7E3C39EB,1,230.4,4800,96,5,0,1445,3832,0,1,120.0,video_thruplay_watched_actions,867,default,0.26574394
2026-06-14,Meta Ads,Cliente-1301E036,1,Campanha-BAA2D61A,1,AdSet-F8D81242,1,Anuncio-9E8F58AB,1,465.6,9716,194,10,0,843,7435,0,3,360.0,video_thruplay_watched_actions,505,default,0.92198020
2026-06-14,Meta Ads,Cliente-6ED105CA,1,Campanha-409E3907,1,AdSet-3E655550,1,Anuncio-0888DFA2,1,492.8,11200,224,11,0,3594,9320,0,3,360.0,video_thruplay_watched_actions,2156,default,0.22857143
2026-06-14,Meta Ads,Cliente-6ED105CA,1,Campanha-86298F91,1,AdSet-D6A72598,1,Anuncio-09915A4E,1,205.0,10296,205,10,0,1183,7238,0,3,360.0,video_thruplay_watched_actions,709,default,0.28913963
2026-06-14,Meta Ads,Cliente-8595A0B1,1,Campanha-026778BE,1,AdSet-C451AA6E,1,Anuncio-E5CAFB1B,1,24.75,779,15,1,0,318,560,0,0,0.0,actions:offsite_conversion.fb_pixel_lead,1,default,24.75000000
2026-06-14,Meta Ads,Cliente-8595A0B1,1,Campanha-026778BE,1,AdSet-E02677A8,1,Anuncio-6A27FA82,1,229.35,6969,139,7,0,1548,5811,0,2,240.0,actions:offsite_conversion.fb_pixel_lead,7,default,32.76428571
2026-06-14,Meta Ads,Cliente-8595A0B1,1,Campanha-6C8B5548,1,AdSet-38FD9C4C,1,Anuncio-850EF202,1,157.5,3175,63,3,0,287,2165,0,1,120.0,actions:offsite_conversion.fb_pixel_lead,3,default,52.50000000
2026-06-14,Meta Ads,Cliente-8595A0B1,1,Campanha-6C8B5548,1,AdSet-D113B19A,1,Anuncio-A30083A9,1,695.0,13907,278,14,0,6166,11783,0,4,480.0,actions:offsite_conversion.fb_pixel_lead,14,default,49.64285714
2026-06-14,Meta Ads,Cliente-8595A0B1,1,Campanha-7435AF3B,1,AdSet-A9531AD0,1,Anuncio-E32DE258,1,18.0,921,18,1,0,192,634,0,0,0.0,actions:offsite_conversion.fb_pixel_lead,1,default,18.00000000
2026-06-14,Meta Ads,Cliente-8595A0B1,1,Campanha-80EA63AC,1,AdSet-839FE6F8,1,Anuncio-54AD6415,1,89.0,8943,178,9,0,2101,7920,0,3,360.0,actions:offsite_conversion.fb_pixel_lead,9,default,9.88888889
2026-06-14,Meta Ads,Cliente-8595A0B1,1,Campanha-80EA63AC,1,AdSet-839FE6F8,1,Anuncio-763D8A88,1,37.8,2113,42,2,0,239,1685,0,0,0.0,actions:offsite_conversion.fb_pixel_lead,2,default,18.90000000
2026-06-14,Meta Ads,Cliente-8595A0B1,1,Campanha-80EA63AC,1,AdSet-839FE6F8,1,Anuncio-AF9B4192,1,122.4,10245,204,10,0,3493,6304,0,3,360.0,actions:offsite_conversion.fb_pixel_lead,10,default,12.24000000
2026-06-14,Meta Ads,Cliente-8595A0B1,1,Campanha-80EA63AC,1,AdSet-839FE6F8,1,Anuncio-F7564EEF,1,14.6,3699,73,4,0,518,2172,0,1,120.0,actions:offsite_conversion.fb_pixel_lead,4,default,3.65000000
2026-06-14,Meta Ads,Cliente-8595A0B1,1,Campanha-ACFE35BB,1,AdSet-2FA08C4F,1,Anuncio-2FCC58DA,1,177.0,5941,118,6,0,2431,3459,0,2,240.0,actions:offsite_conversion.fb_pixel_lead,6,default,29.50000000
2026-06-14,Meta Ads,Cliente-8595A0B1,1,Campanha-ACFE35BB,1,AdSet-909F3F76,1,Anuncio-B55D4254,1,355.5,11876,237,12,0,2739,10324,0,4,480.0,actions:offsite_conversion.fb_pixel_lead,12,default,29.62500000
2026-06-14,Meta Ads,Cliente-8595A0B1,1,Campanha-D03279CF,1,AdSet-4B62792C,1,Anuncio-2CF462B1,1,382.0,9578,191,10,0,1115,5632,0,3,360.0,actions:offsite_conversion.fb_pixel_lead,10,default,38.20000000
2026-06-14,Meta Ads,Cliente-8595A0B1,1,Campanha-D03279CF,1,AdSet-5DC66742,1,Anuncio-6D0AB7AE,1,400.0,10008,200,10,0,4142,7858,0,3,360.0,actions:offsite_conversion.fb_pixel_lead,10,default,40.00000000
2026-06-14,Meta Ads,Cliente-8595A0B1,1,Campanha-D4F4B6F7,1,AdSet-6CA8CD14,1,Anuncio-DEF80DD8,1,13.2,591,11,0,0,132,354,0,0,0.0,actions:offsite_conversion.fb_pixel_lead,0,,
2026-06-14,Meta Ads,Cliente-8595A0B1,1,Campanha-D4F4B6F7,1,AdSet-B1087453,1,Anuncio-32A606B5,1,40.8,1725,34,0,0,208,1110,0,0,0.0,actions:offsite_conversion.fb_pixel_lead,0,,
2026-06-14,Meta Ads,Cliente-AD42A32D,1,Campanha-1605BED1,1,AdSet-F891FAAE,1,Anuncio-4EC6EBAA,1,78.3,4365,87,4,0,1698,3587,0,1,120.0,,,,
2026-06-14,Meta Ads,Cliente-AD42A32D,1,Campanha-1605BED1,1,AdSet-F891FAAE,1,Anuncio-E9DCB443,1,49.0,3535,70,4,0,1412,2467,0,1,120.0,,,,
2026-06-14,Meta Ads,Cliente-AD42A32D,1,Campanha-16CF835F,1,AdSet-4A6E7F00,1,Anuncio-ACD3E146,1,390.0,7541,150,8,0,2266,6196,0,2,240.0,,,,
2026-06-14,Meta Ads,Cliente-AD42A32D,1,Campanha-16CF835F,1,AdSet-6272CAA6,1,Anuncio-A274723C,1,431.6,8337,166,8,0,3626,6693,0,2,240.0,,,,
2026-06-14,Meta Ads,Cliente-AD42A32D,1,Campanha-78D97BE5,1,AdSet-2C3F076D,1,Anuncio-AE1F9355,1,217.0,7797,155,8,0,3432,5340,0,2,240.0,,,,
2026-06-14,Meta Ads,Cliente-AD42A32D,1,Campanha-78D97BE5,1,AdSet-ECF361B8,1,Anuncio-89F19D87,1,81.2,2904,58,3,0,1162,2435,0,1,120.0,,,,
2026-06-14,Meta Ads,Cliente-AD42A32D,1,Campanha-820B11BE,1,AdSet-9AF72A34,1,Anuncio-74975EB1,1,256.0,6445,128,6,0,1479,5605,0,2,240.0,,,,
2026-06-14,Meta Ads,Cliente-AD42A32D,1,Campanha-820B11BE,1,AdSet-EBF937FB,1,Anuncio-C6C8C9C1,1,364.0,9134,182,9,0,2913,5175,0,3,360.0,,,,
2026-06-15,Google Ads,Cliente-474CCCE3,1,Campanha-29ECA028,1,AdSet-32A0CF45,1,Anuncio-2FF839A3,1,256.0,6439,128,6.4,768.0,226,0,0,0,0,,,,
2026-06-15,Google Ads,Cliente-474CCCE3,1,Campanha-29ECA028,1,AdSet-32A0CF45,1,Anuncio-9C010327,1,296.0,14818,296,14.8,1776.0,318,0,0,0,0,,,,
2026-06-15,Google Ads,Cliente-474CCCE3,1,Campanha-29ECA028,1,AdSet-32A0CF45,1,Anuncio-A76D1B5E,1,186.0,6245,124,6.2,744.0,32,0,0,0,0,,,,
2026-06-15,Google Ads,Cliente-474CCCE3,1,Campanha-6E08A848,1,AdSet-CEC81128,1,Anuncio-3F3F9234,1,930.0,18617,372,18.6,2232.0,702,0,0,0,0,,,,
2026-06-15,Google Ads,Cliente-474CCCE3,1,Campanha-6E08A848,1,AdSet-D35341B0,1,Anuncio-FC062A4B,1,887.5,17768,355,17.75,2130.0,719,0,0,0,0,,,,
2026-06-15,Google Ads,Cliente-474CCCE3,1,Campanha-729BD069,1,AdSet-79BE6F30,1,Anuncio-317F6C10,1,127.4,9125,182,9.1,1092.0,283,0,0,0,0,,,,
2026-06-15,Google Ads,Cliente-474CCCE3,1,Campanha-729BD069,1,AdSet-79BE6F30,1,Anuncio-4CF83B7A,1,57.2,2247,44,2.2,264.0,27,0,0,0,0,,,,
2026-06-15,Google Ads,Cliente-474CCCE3,1,Campanha-729BD069,1,AdSet-79BE6F30,1,Anuncio-6B4F96B4,1,203.0,10159,203,10.15,1218.0,264,0,0,0,0,,,,
2026-06-15,Google Ads,Cliente-474CCCE3,1,Campanha-729BD069,1,AdSet-79BE6F30,1,Anuncio-B452532A,1,155.2,4854,97,4.85,582.0,146,0,0,0,0,,,,
2026-06-15,Google Ads,Cliente-474CCCE3,1,Campanha-AB3864A1,1,AdSet-5D96CA07,1,Anuncio-44D65130,1,442.0,11083,221,11.05,1326.0,230,0,0,0,0,,,,
2026-06-15,Google Ads,Cliente-474CCCE3,1,Campanha-AB3864A1,1,AdSet-B4166F22,1,Anuncio-B8431021,1,160.0,4045,80,4.0,480.0,128,0,0,0,0,,,,
2026-06-15,Google Ads,Cliente-474CCCE3,1,Campanha-EEA08F81,2,AdSet-39668F5E,1,Anuncio-2140A52E,1,274.8,22905,458,22.9,2748.0,1363,0,0,0,0,,,,
2026-06-15,Google Ads,Cliente-474CCCE3,1,Campanha-EEA08F81,2,AdSet-39668F5E,1,Anuncio-2CD4E792,2,186.4,11668,233,11.65,1398.0,150,0,0,0,0,,,,
2026-06-15,Google Ads,Cliente-540F1743,1,Campanha-5FB26883,1,AdSet-75A9934D,1,Anuncio-0BD68F17,1,0.0,15034,300,15.0,1800.0,217,0,0,0,0,,,,
2026-06-15,Google Ads,Cliente-540F1743,1,Campanha-5FB26883,1,AdSet-C9396344,1,Anuncio-71058119,1,0.0,10674,213,10.65,1278.0,23,0,0,0,0,,,,
2026-06-15,Google Ads,Cliente-540F1743,1,Campanha-6279950B,1,AdSet-EA6C5DBD,1,Anuncio-B9B3D44A,1,419.9,11098,221,11.05,1326.0,44,0,0,0,0,,,,
2026-06-15,Meta Ads,Cliente-0D954560,1,Campanha-C132C431,1,AdSet-0E701B9C,1,Anuncio-B54E991E,1,345.8,13315,266,13,0,5426,10612,0,4,480.0,actions:offsite_conversion.fb_pixel_lead,13,default,26.60000000
2026-06-15,Meta Ads,Cliente-0D954560,1,Campanha-C132C431,1,AdSet-FD8E452C,1,Anuncio-281BA058,1,24.7,993,19,1,0,162,646,0,0,0.0,actions:offsite_conversion.fb_pixel_lead,1,default,24.70000000
2026-06-15,Meta Ads,Cliente-0D954560,1,Campanha-E2C66194,2,AdSet-78ECC024,1,Anuncio-1BA82A24,1,108.9,4997,99,0,0,470,3335,0,0,0.0,,,,
2026-06-15,Meta Ads,Cliente-0D954560,1,Campanha-E2C66194,2,AdSet-F3818FF2,1,Anuncio-1039A314,1,309.1,14071,281,0,0,5545,10269,0,0,0.0,,,,
2026-06-15,Meta Ads,Cliente-1301E036,1,Campanha-5AA632F6,1,AdSet-15C3C269,1,Anuncio-6C40FF24,1,622.8,17334,346,17,0,4334,10750,0,5,600.0,video_thruplay_watched_actions,2600,default,0.23953846
2026-06-15,Meta Ads,Cliente-1301E036,1,Campanha-5AA632F6,1,AdSet-437F32CF,1,Anuncio-D93BAE53,1,793.8,22051,441,22,0,6161,13635,0,7,840.0,video_thruplay_watched_actions,3696,default,0.21477273
2026-06-15,Meta Ads,Cliente-1301E036,1,Campanha-942DC529,1,AdSet-20AD549D,1,Anuncio-5488E69D,1,175.2,7319,146,7,0,2980,5529,0,2,240.0,video_thruplay_watched_actions,1788,default,0.09798658
2026-06-15,Meta Ads,Cliente-1301E036,1,Campanha-942DC529,1,AdSet-33DED8F4,1,Anuncio-E2BBB95C,1,436.8,18241,364,18,0,7516,14952,0,6,720.0,video_thruplay_watched_actions,4509,default,0.09687292
2026-06-15,Meta Ads,Cliente-1301E036,1,Campanha-A1087A42,1,AdSet-3F3A9FAC,1,Anuncio-08CD3708,1,37.5,2538,50,2,0,544,1634,0,0,0.0,video_thruplay_watched_actions,326,default,0.11503067
2026-06-15,Meta Ads,Cliente-1301E036,1,Campanha-A1087A42,1,AdSet-3F3A9FAC,1,Anuncio-19D03D54,1,66.75,13364,267,13,0,4269,9671,0,4,480.0,video_thruplay_watched_actions,2561,default,0.02606404
2026-06-15,Meta Ads,Cliente-1301E036,1,Campanha-A1087A42,1,AdSet-3F3A9FAC,1,Anuncio-1F0B0200,1,125.55,13955,279,14,0,2233,9399,0,4,480.0,video_thruplay_watched_actions,1339,default,0.09376400
2026-06-15,Meta Ads,Cliente-1301E036,1,Campanha-A1087A42,1,AdSet-3F3A9FAC,1,Anuncio-92C2AD5A,1,380.95,20051,401,20,0,8482,14719,0,7,840.0,video_thruplay_watched_actions,5089,default,0.07485754
2026-06-15,Meta Ads,Cliente-1301E036,1,Campanha-A1087A42,1,AdSet-3F3A9FAC,1,Anuncio-C512F752,1,127.8,10680,213,11,0,3537,7504,0,3,360.0,video_thruplay_watched_actions,2122,default,0.06022620
2026-06-15,Meta Ads,Cliente-1301E036,1,Campanha-BAA2D61A,1,AdSet-21718E81,1,Anuncio-7E3C39EB,1,266.4,5568,111,6,0,956,4348,0,2,240.0,video_thruplay_watched_actions,573,default,0.46492147
2026-06-15,Meta Ads,Cliente-1301E036,1,Campanha-BAA2D61A,1,AdSet-F8D81242,1,Anuncio-9E8F58AB,1,482.4,10056,201,10,0,1508,7770,0,3,360.0,video_thruplay_watched_actions,904,default,0.53362832
2026-06-15,Meta Ads,Cliente-6ED105CA,1,Campanha-409E3907,1,AdSet-3E655550,1,Anuncio-0888DFA2,1,140.8,3220,64,3,0,1317,2506,0,1,120.0,video_thruplay_watched_actions,790,default,0.17822785
2026-06-15,Meta Ads,Cliente-6ED105CA,1,Campanha-409E3907,1,AdSet-DC1F642E,1,Anuncio-AD28A55D,1,578.6,13161,263,13,0,5722,8752,0,4,480.0,video_thruplay_watched_actions,3433,default,0.16854064
2026-06-15,Meta Ads,Cliente-6ED105CA,1,Campanha-86298F91,1,AdSet-D6A72598,1,Anuncio-09915A4E,1,265.0,13251,265,13,0,2441,7820,0,4,480.0,video_thruplay_watched_actions,1464,default,0.18101093
2026-06-15,Meta Ads,Cliente-8595A0B1,2,Campanha-026778BE,1,AdSet-C451AA6E,1,Anuncio-E5CAFB1B,1,237.6,7216,144,7,0,1140,4880,0,2,240.0,actions:offsite_conversion.fb_pixel_lead,7,default,33.94285714
2026-06-15,Meta Ads,Cliente-8595A0B1,2,Campanha-026778BE,1,AdSet-E02677A8,1,Anuncio-6A27FA82,1,481.8,14611,292,15,0,2821,10649,0,5,600.0,actions:offsite_conversion.fb_pixel_lead,15,default,32.12000000
2026-06-15,Meta Ads,Cliente-8595A0B1,2,Campanha-6C8B5548,1,AdSet-38FD9C4C,1,Anuncio-850EF202,1,1157.5,23188,463,23,0,8975,19604,0,8,960.0,actions:offsite_conversion.fb_pixel_lead,23,default,50.32608696
2026-06-15,Meta Ads,Cliente-8595A0B1,2,Campanha-6C8B5548,1,AdSet-D113B19A,1,Anuncio-A30083A9,1,532.5,10662,213,11,0,1117,6233,0,3,360.0,actions:offsite_conversion.fb_pixel_lead,11,default,48.40909091
2026-06-15,Meta Ads,Cliente-8595A0B1,2,Campanha-7435AF3B,1,AdSet-AB8B0426,1,Anuncio-DA061972,1,442.0,22134,442,22,0,6029,12199,0,7,840.0,actions:offsite_conversion.fb_pixel_lead,22,default,20.09090909
2026-06-15,Meta Ads,Cliente-8595A0B1,2,Campanha-80EA63AC,1,AdSet-839FE6F8,1,Anuncio-54AD6415,1,80.5,8087,161,8,0,1615,6592,0,2,240.0,actions:offsite_conversion.fb_pixel_lead,8,default,10.06250000
2026-06-15,Meta Ads,Cliente-8595A0B1,2,Campanha-80EA63AC,1,AdSet-839FE6F8,1,Anuncio-763D8A88,1,111.6,6216,124,6,0,1212,3983,0,2,240.0,actions:offsite_conversion.fb_pixel_lead,6,default,18.60000000
2026-06-15,Meta Ads,Cliente-8595A0B1,2,Campanha-80EA63AC,1,AdSet-839FE6F8,1,Anuncio-AF9B4192,1,184.8,15448,308,15,0,2435,11394,0,5,600.0,actions:offsite_conversion.fb_pixel_lead,15,default,12.32000000
2026-06-15,Meta Ads,Cliente-8595A0B1,2,Campanha-80EA63AC,1,AdSet-839FE6F8,1,Anuncio-F7564EEF,1,83.8,20969,419,21,0,6950,15183,0,7,840.0,actions:offsite_conversion.fb_pixel_lead,21,default,3.99047619
2026-06-15,Meta Ads,Cliente-8595A0B1,2,Campanha-ACFE35BB,1,AdSet-2FA08C4F,1,Anuncio-2FCC58DA,1,33.0,1119,22,1,0,276,780,0,0,0.0,actions:offsite_conversion.fb_pixel_lead,1,default,33.00000000
2026-06-15,Meta Ads,Cliente-8595A0B1,2,Campanha-ACFE35BB,1,AdSet-909F3F76,1,Anuncio-B55D4254,1,120.0,4013,80,4,0,1712,2234,0,1,120.0,actions:offsite_conversion.fb_pixel_lead,4,default,30.00000000
2026-06-15,Meta Ads,Cliente-8595A0B1,2,Campanha-D03279CF,1,AdSet-4B62792C,1,Anuncio-2CF462B1,1,284.0,7144,142,7,0,2109,5311,0,2,240.0,actions:offsite_conversion.fb_pixel_lead,7,default,40.57142857
2026-06-15,Meta Ads,Cliente-8595A0B1,2,Campanha-D03279CF,1,AdSet-5DC66742,1,Anuncio-6D0AB7AE,1,628.0,15707,314,16,0,3411,9743,0,5,600.0,actions:offsite_conversion.fb_pixel_lead,16,default,39.25000000
2026-06-15,Meta Ads,Cliente-8595A0B1,2,Campanha-D4F4B6F7,1,AdSet-6CA8CD14,1,Anuncio-DEF80DD8,1,70.8,2965,59,0,0,1223,1640,0,0,0.0,actions:offsite_conversion.fb_pixel_lead,0,,
2026-06-15,Meta Ads,Cliente-8595A0B1,2,Campanha-D4F4B6F7,1,AdSet-B1087453,1,Anuncio-32A606B5,1,46.8,1989,39,0,0,242,1360,0,0,0.0,actions:offsite_conversion.fb_pixel_lead,0,,
2026-06-15,Meta Ads,Cliente-AD42A32D,1,Campanha-1605BED1,1,AdSet-F891FAAE,1,Anuncio-293DED4C,2,102.4,12849,256,13,0,2976,10268,0,4,480.0,,,,
2026-06-15,Meta Ads,Cliente-AD42A32D,1,Campanha-1605BED1,1,AdSet-F891FAAE,1,Anuncio-4EC6EBAA,1,297.9,16551,331,17,0,2419,10455,0,5,600.0,,,,
2026-06-15,Meta Ads,Cliente-AD42A32D,1,Campanha-1605BED1,1,AdSet-F891FAAE,1,Anuncio-E9DCB443,1,312.2,22331,446,22,0,4158,19184,0,7,840.0,,,,
2026-06-15,Meta Ads,Cliente-AD42A32D,1,Campanha-16CF835F,1,AdSet-4A6E7F00,1,Anuncio-ACD3E146,1,418.6,8098,161,8,0,2433,5008,0,2,240.0,,,,
2026-06-15,Meta Ads,Cliente-AD42A32D,1,Campanha-16CF835F,1,AdSet-6272CAA6,1,Anuncio-A274723C,1,413.4,7952,159,8,0,1427,5755,0,2,240.0,,,,
2026-06-15,Meta Ads,Cliente-AD42A32D,1,Campanha-78D97BE5,1,AdSet-2C3F076D,1,Anuncio-AE1F9355,1,574.0,20533,410,20,0,2052,16577,0,7,840.0,,,,
2026-06-15,Meta Ads,Cliente-AD42A32D,1,Campanha-78D97BE5,1,AdSet-ECF361B8,1,Anuncio-89F19D87,1,36.4,1303,26,1,0,478,997,0,0,0.0,,,,
2026-06-15,Meta Ads,Cliente-AD42A32D,1,Campanha-820B11BE,1,AdSet-EBF937FB,1,Anuncio-C6C8C9C1,1,658.0,16493,329,16,0,1488,11654,0,5,600.0,,,,
2026-06-16,Google Ads,Cliente-474CCCE3,1,Campanha-29ECA028,1,AdSet-32A0CF45,1,Anuncio-2FF839A3,1,752.0,18824,376,18.8,2256.0,975,0,0,0,0,,,,
2026-06-16,Google Ads,Cliente-474CCCE3,1,Campanha-29ECA028,1,AdSet-32A0CF45,1,Anuncio-9C010327,1,382.0,19109,382,19.1,2292.0,888,0,0,0,0,,,,
2026-06-16,Google Ads,Cliente-474CCCE3,1,Campanha-29ECA028,1,AdSet-32A0CF45,1,Anuncio-A76D1B5E,1,408.0,13624,272,13.6,1632.0,714,0,0,0,0,,,,
2026-06-16,Google Ads,Cliente-474CCCE3,1,Campanha-6E08A848,1,AdSet-CEC81128,1,Anuncio-3F3F9234,1,777.5,15580,311,15.55,1866.0,454,0,0,0,0,,,,
2026-06-16,Google Ads,Cliente-474CCCE3,1,Campanha-6E08A848,1,AdSet-D35341B0,1,Anuncio-FC062A4B,1,600.0,12034,240,12.0,1440.0,24,0,0,0,0,,,,
2026-06-16,Google Ads,Cliente-474CCCE3,1,Campanha-729BD069,1,AdSet-79BE6F30,1,Anuncio-317F6C10,1,182.0,13029,260,13.0,1560.0,634,0,0,0,0,,,,
2026-06-16,Google Ads,Cliente-474CCCE3,1,Campanha-729BD069,1,AdSet-79BE6F30,1,Anuncio-6B4F96B4,1,215.0,10787,215,10.75,1290.0,140,0,0,0,0,,,,
2026-06-16,Google Ads,Cliente-474CCCE3,1,Campanha-729BD069,1,AdSet-79BE6F30,1,Anuncio-EB7DCF15,1,124.0,15505,310,15.5,1860.0,834,0,0,0,0,,,,
2026-06-16,Google Ads,Cliente-474CCCE3,1,Campanha-AB3864A1,1,AdSet-5D96CA07,1,Anuncio-44D65130,1,636.0,15948,318,15.9,1908.0,327,0,0,0,0,,,,
2026-06-16,Google Ads,Cliente-474CCCE3,1,Campanha-AB3864A1,1,AdSet-B4166F22,1,Anuncio-B8431021,1,364.0,9114,182,9.1,1092.0,391,0,0,0,0,,,,
2026-06-16,Google Ads,Cliente-474CCCE3,1,Campanha-EEA08F81,2,AdSet-21817692,1,Anuncio-97F07160,1,120.4,15073,301,15.05,1806.0,307,0,0,0,0,,,,
2026-06-16,Google Ads,Cliente-474CCCE3,1,Campanha-EEA08F81,2,AdSet-39668F5E,1,Anuncio-2140A52E,1,154.8,12910,258,12.9,1548.0,156,0,0,0,0,,,,
2026-06-16,Google Ads,Cliente-474CCCE3,1,Campanha-EEA08F81,2,AdSet-39668F5E,1,Anuncio-2CD4E792,2,257.6,16140,322,16.1,1932.0,863,0,0,0,0,,,,
2026-06-16,Google Ads,Cliente-540F1743,1,Campanha-5FB26883,1,AdSet-75A9934D,1,Anuncio-0BD68F17,1,0.0,12675,253,12.65,1518.0,0,0,0,0,0,,,,
2026-06-16,Google Ads,Cliente-540F1743,1,Campanha-5FB26883,1,AdSet-C9396344,1,Anuncio-71058119,1,0.0,13919,278,13.9,1668.0,457,0,0,0,0,,,,
2026-06-16,Google Ads,Cliente-540F1743,1,Campanha-6279950B,1,AdSet-818EA13C,1,Anuncio-2696D408,1,782.8,20644,412,20.6,2472.0,1118,0,0,0,0,,,,
2026-06-16,Google Ads,Cliente-540F1743,1,Campanha-6279950B,1,AdSet-EA6C5DBD,1,Anuncio-B9B3D44A,1,611.8,16144,322,16.1,1932.0,191,0,0,0,0,,,,
2026-06-16,Google Ads,Cliente-540F1743,1,Campanha-C4346965,1,AdSet-DDA1CAB0,1,Anuncio-E33942DA,1,330.0,15044,300,15.0,1800.0,262,0,0,0,0,,,,
2026-06-16,Meta Ads,Cliente-0D954560,1,Campanha-C132C431,1,AdSet-0E701B9C,1,Anuncio-B54E991E,1,319.8,12314,246,12,0,1206,6844,0,4,480.0,actions:offsite_conversion.fb_pixel_lead,12,default,26.65000000
2026-06-16,Meta Ads,Cliente-0D954560,1,Campanha-C132C431,1,AdSet-FD8E452C,1,Anuncio-281BA058,1,442.0,17043,340,17,0,4654,9770,0,5,600.0,actions:offsite_conversion.fb_pixel_lead,17,default,26.00000000
2026-06-16,Meta Ads,Cliente-0D954560,1,Campanha-E2C66194,2,AdSet-78ECC024,1,Anuncio-1BA82A24,1,55.0,2518,50,0,0,626,1634,0,0,0.0,,,,
2026-06-16,Meta Ads,Cliente-0D954560,1,Campanha-E2C66194,2,AdSet-F3818FF2,1,Anuncio-1039A314,1,343.2,15609,312,0,0,2760,9052,0,0,0.0,,,,
2026-06-16,Meta Ads,Cliente-1301E036,1,Campanha-5AA632F6,1,AdSet-15C3C269,1,Anuncio-6C40FF24,1,399.6,11121,222,11,0,2978,8218,0,3,360.0,video_thruplay_watched_actions,1786,default,0.22374020
2026-06-16,Meta Ads,Cliente-1301E036,1,Campanha-942DC529,1,AdSet-20AD549D,1,Anuncio-5488E69D,1,345.6,14412,288,14,0,1498,12140,0,4,480.0,video_thruplay_watched_actions,898,default,0.38485523
2026-06-16,Meta Ads,Cliente-1301E036,1,Campanha-942DC529,1,AdSet-33DED8F4,1,Anuncio-E2BBB95C,1,46.8,1955,39,2,0,466,1679,0,0,0.0,video_thruplay_watched_actions,279,default,0.16774194
2026-06-16,Meta Ads,Cliente-1301E036,1,Campanha-A1087A42,1,AdSet-3F3A9FAC,1,Anuncio-08CD3708,1,36.75,2487,49,2,0,385,2007,0,0,0.0,video_thruplay_watched_actions,231,default,0.15909091
2026-06-16,Meta Ads,Cliente-1301E036,1,Campanha-A1087A42,1,AdSet-3F3A9FAC,1,Anuncio-19D03D54,1,100.0,20048,400,20,0,3443,15757,0,7,840.0,video_thruplay_watched_actions,2065,default,0.04842615
2026-06-16,Meta Ads,Cliente-1301E036,1,Campanha-A1087A42,1,AdSet-3F3A9FAC,1,Anuncio-1F0B0200,1,144.9,16138,322,16,0,3524,9653,0,5,600.0,video_thruplay_watched_actions,2114,default,0.06854305
2026-06-16,Meta Ads,Cliente-1301E036,1,Campanha-A1087A42,1,AdSet-3F3A9FAC,1,Anuncio-C512F752,1,75.6,6312,126,6,0,556,4786,0,2,240.0,video_thruplay_watched_actions,333,default,0.22702703
2026-06-16,Meta Ads,Cliente-6ED105CA,1,Campanha-409E3907,1,AdSet-3E655550,1,Anuncio-0888DFA2,1,706.2,16093,321,16,0,6673,9268,0,5,600.0,video_thruplay_watched_actions,4003,default,0.17641769
2026-06-16,Meta Ads,Cliente-6ED105CA,1,Campanha-86298F91,1,AdSet-1CAEFB1E,1,Anuncio-52861658,1,328.0,16426,328,16,0,7252,10643,0,5,600.0,video_thruplay_watched_actions,4351,default,0.07538497
2026-06-16,Meta Ads,Cliente-6ED105CA,1,Campanha-86298F91,1,AdSet-D6A72598,1,Anuncio-09915A4E,1,266.0,13341,266,13,0,5735,9981,0,4,480.0,video_thruplay_watched_actions,3441,default,0.07730311
2026-06-16,Meta Ads,Cliente-8595A0B1,2,Campanha-026778BE,1,AdSet-C451AA6E,1,Anuncio-E5CAFB1B,1,404.25,12296,245,12,0,4668,8702,0,4,480.0,actions:offsite_conversion.fb_pixel_lead,12,default,33.68750000
2026-06-16,Meta Ads,Cliente-8595A0B1,2,Campanha-026778BE,1,AdSet-E02677A8,1,Anuncio-6A27FA82,1,485.1,14730,294,15,0,2053,9010,0,5,600.0,actions:offsite_conversion.fb_pixel_lead,15,default,32.34000000
2026-06-16,Meta Ads,Cliente-8595A0B1,2,Campanha-6C8B5548,1,AdSet-D113B19A,1,Anuncio-A30083A9,1,355.0,7112,142,7,0,935,4510,0,2,240.0,actions:offsite_conversion.fb_pixel_lead,7,default,50.71428571
2026-06-16,Meta Ads,Cliente-8595A0B1,2,Campanha-7435AF3B,1,AdSet-A9531AD0,1,Anuncio-E32DE258,1,456.0,22828,456,23,0,7131,15960,0,8,960.0,actions:offsite_conversion.fb_pixel_lead,23,default,19.82608696
2026-06-16,Meta Ads,Cliente-8595A0B1,2,Campanha-7435AF3B,1,AdSet-AB8B0426,1,Anuncio-DA061972,1,286.0,14332,286,14,0,5492,12520,0,4,480.0,actions:offsite_conversion.fb_pixel_lead,14,default,20.42857143
2026-06-16,Meta Ads,Cliente-8595A0B1,2,Campanha-80EA63AC,1,AdSet-839FE6F8,1,Anuncio-54AD6415,1,247.0,24721,494,25,0,5730,14440,0,8,960.0,actions:offsite_conversion.fb_pixel_lead,25,default,9.88000000
2026-06-16,Meta Ads,Cliente-8595A0B1,2,Campanha-80EA63AC,1,AdSet-839FE6F8,1,Anuncio-AF9B4192,1,103.2,8610,172,9,0,775,5881,0,3,360.0,actions:offsite_conversion.fb_pixel_lead,9,default,11.46666667
2026-06-16,Meta Ads,Cliente-8595A0B1,2,Campanha-80EA63AC,1,AdSet-839FE6F8,1,Anuncio-F7564EEF,1,6.8,1726,34,2,0,735,1153,0,0,0.0,actions:offsite_conversion.fb_pixel_lead,2,default,3.40000000
2026-06-16,Meta Ads,Cliente-8595A0B1,2,Campanha-ACFE35BB,1,AdSet-2FA08C4F,1,Anuncio-2FCC58DA,1,415.5,13864,277,14,0,5831,9795,0,4,480.0,actions:offsite_conversion.fb_pixel_lead,14,default,29.67857143
2026-06-16,Meta Ads,Cliente-8595A0B1,2,Campanha-ACFE35BB,1,AdSet-909F3F76,1,Anuncio-B55D4254,1,304.5,10153,203,10,0,3643,7800,0,3,360.0,actions:offsite_conversion.fb_pixel_lead,10,default,30.45000000
2026-06-16,Meta Ads,Cliente-8595A0B1,2,Campanha-D03279CF,1,AdSet-4B62792C,1,Anuncio-2CF462B1,1,252.0,6314,126,6,0,1767,3790,0,2,240.0,actions:offsite_conversion.fb_pixel_lead,6,default,42.00000000
2026-06-16,Meta Ads,Cliente-8595A0B1,2,Campanha-D4F4B6F7,1,AdSet-6CA8CD14,1,Anuncio-DEF80DD8,1,80.4,3362,67,0,0,1183,2486,0,0,0.0,actions:offsite_conversion.fb_pixel_lead,0,,
2026-06-16,Meta Ads,Cliente-8595A0B1,2,Campanha-D4F4B6F7,1,AdSet-B1087453,1,Anuncio-32A606B5,1,56.4,2375,47,0,0,609,1921,0,0,0.0,actions:offsite_conversion.fb_pixel_lead,0,,
2026-06-16,Meta Ads,Cliente-AD42A32D,1,Campanha-1605BED1,1,AdSet-F891FAAE,1,Anuncio-2634260D,1,114.0,4768,95,5,0,528,3591,0,1,120.0,,,,
2026-06-16,Meta Ads,Cliente-AD42A32D,1,Campanha-1605BED1,1,AdSet-F891FAAE,1,Anuncio-293DED4C,2,182.4,22848,456,23,0,5987,19198,0,8,960.0,,,,
2026-06-16,Meta Ads,Cliente-AD42A32D,1,Campanha-1605BED1,1,AdSet-F891FAAE,1,Anuncio-4EC6EBAA,1,58.5,3269,65,3,0,690,2210,0,1,120.0,,,,
2026-06-16,Meta Ads,Cliente-AD42A32D,1,Campanha-1605BED1,1,AdSet-F891FAAE,1,Anuncio-E9DCB443,1,170.1,12193,243,12,0,3530,8194,0,4,480.0,,,,
2026-06-16,Meta Ads,Cliente-AD42A32D,1,Campanha-16CF835F,1,AdSet-4A6E7F00,1,Anuncio-ACD3E146,1,1032.2,19853,397,20,0,5763,11471,0,7,840.0,,,,
2026-06-16,Meta Ads,Cliente-AD42A32D,1,Campanha-820B11BE,1,AdSet-EBF937FB,1,Anuncio-C6C8C9C1,1,706.0,17687,353,18,0,1960,14102,0,6,720.0,,,,
2026-06-17,Google Ads,Cliente-474CCCE3,1,Campanha-29ECA028,1,AdSet-32A0CF45,1,Anuncio-2FF839A3,1,258.0,6491,129,6.45,774.0,373,0,0,0,0,,,,
2026-06-17,Google Ads,Cliente-474CCCE3,1,Campanha-29ECA028,1,AdSet-32A0CF45,1,Anuncio-9C010327,1,306.0,15328,306,15.3,1836.0,19,0,0,0,0,,,,
2026-06-17,Google Ads,Cliente-474CCCE3,1,Campanha-29ECA028,1,AdSet-32A0CF45,1,Anuncio-A76D1B5E,1,310.5,10368,207,10.35,1242.0,322,0,0,0,0,,,,
2026-06-17,Google Ads,Cliente-474CCCE3,1,Campanha-6E08A848,1,AdSet-CEC81128,1,Anuncio-3F3F9234,1,770.0,15425,308,15.4,1848.0,879,0,0,0,0,,,,
2026-06-17,Google Ads,Cliente-474CCCE3,1,Campanha-729BD069,1,AdSet-79BE6F30,1,Anuncio-317F6C10,1,236.6,16941,338,16.9,2028.0,909,0,0,0,0,,,,
2026-06-17,Google Ads,Cliente-474CCCE3,1,Campanha-729BD069,1,AdSet-79BE6F30,1,Anuncio-4CF83B7A,1,585.0,22540,450,22.5,2700.0,482,0,0,0,0,,,,
2026-06-17,Google Ads,Cliente-474CCCE3,1,Campanha-729BD069,1,AdSet-79BE6F30,1,Anuncio-6B4F96B4,1,234.0,11717,234,11.7,1404.0,494,0,0,0,0,,,,
2026-06-17,Google Ads,Cliente-474CCCE3,1,Campanha-729BD069,1,AdSet-79BE6F30,1,Anuncio-B452532A,1,417.6,13078,261,13.05,1566.0,436,0,0,0,0,,,,
2026-06-17,Google Ads,Cliente-474CCCE3,1,Campanha-729BD069,1,AdSet-79BE6F30,1,Anuncio-EB7DCF15,1,71.2,8932,178,8.9,1068.0,360,0,0,0,0,,,,
2026-06-17,Google Ads,Cliente-474CCCE3,1,Campanha-AB3864A1,1,AdSet-5D96CA07,1,Anuncio-44D65130,1,720.0,18044,360,18.0,2160.0,505,0,0,0,0,,,,
2026-06-17,Google Ads,Cliente-474CCCE3,1,Campanha-AB3864A1,1,AdSet-B4166F22,1,Anuncio-B8431021,1,122.0,3085,61,3.05,366.0,46,0,0,0,0,,,,
2026-06-17,Google Ads,Cliente-474CCCE3,1,Campanha-EEA08F81,2,AdSet-21817692,1,Anuncio-1F2C3323,1,83.2,20807,416,20.8,2496.0,586,0,0,0,0,,,,
2026-06-17,Google Ads,Cliente-474CCCE3,1,Campanha-EEA08F81,2,AdSet-21817692,1,Anuncio-97F07160,1,78.8,9878,197,9.85,1182.0,298,0,0,0,0,,,,
2026-06-17,Google Ads,Cliente-474CCCE3,1,Campanha-EEA08F81,2,AdSet-39668F5E,1,Anuncio-2140A52E,1,75.6,6307,126,6.3,756.0,247,0,0,0,0,,,,
2026-06-17,Google Ads,Cliente-540F1743,1,Campanha-5FB26883,1,AdSet-75A9934D,1,Anuncio-0BD68F17,1,0.0,18909,378,18.9,2268.0,252,0,0,0,0,,,,
2026-06-17,Google Ads,Cliente-540F1743,1,Campanha-5FB26883,1,AdSet-C9396344,1,Anuncio-71058119,1,0.0,1367,27,1.35,162.0,72,0,0,0,0,,,,
2026-06-17,Google Ads,Cliente-540F1743,1,Campanha-6279950B,1,AdSet-818EA13C,1,Anuncio-2696D408,1,190.0,5002,100,5.0,600.0,101,0,0,0,0,,,,
2026-06-17,Google Ads,Cliente-540F1743,1,Campanha-6279950B,1,AdSet-EA6C5DBD,1,Anuncio-B9B3D44A,1,319.2,8430,168,8.4,1008.0,249,0,0,0,0,,,,
2026-06-17,Google Ads,Cliente-540F1743,1,Campanha-C4346965,1,AdSet-A39E8884,1,Anuncio-3F957FCA,1,316.8,14439,288,14.4,1728.0,862,0,0,0,0,,,,
2026-06-17,Meta Ads,Cliente-0D954560,1,Campanha-C132C431,1,AdSet-0E701B9C,1,Anuncio-B54E991E,1,461.5,17798,355,18,0,3144,13056,0,6,720.0,actions:offsite_conversion.fb_pixel_lead,18,default,25.63888889
2026-06-17,Meta Ads,Cliente-0D954560,1,Campanha-C132C431,1,AdSet-FD8E452C,1,Anuncio-281BA058,1,169.0,6518,130,6,0,2662,5464,0,2,240.0,actions:offsite_conversion.fb_pixel_lead,6,default,28.16666667
2026-06-17,Meta Ads,Cliente-0D954560,1,Campanha-E2C66194,2,AdSet-78ECC024,1,Anuncio-1BA82A24,1,425.7,19367,387,0,0,2550,13605,0,0,0.0,,,,
2026-06-17,Meta Ads,Cliente-0D954560,1,Campanha-E2C66194,2,AdSet-F3818FF2,1,Anuncio-1039A314,1,47.3,2159,43,0,0,648,1375,0,0,0.0,,,,
2026-06-17,Meta Ads,Cliente-1301E036,1,Campanha-5AA632F6,1,AdSet-437F32CF,1,Anuncio-D93BAE53,1,743.4,20676,413,21,0,4503,14680,0,7,840.0,video_thruplay_watched_actions,2701,default,0.27523140
2026-06-17,Meta Ads,Cliente-1301E036,1,Campanha-942DC529,1,AdSet-20AD549D,1,Anuncio-5488E69D,1,76.8,3219,64,3,0,528,2002,0,1,120.0,video_thruplay_watched_actions,316,default,0.24303797
2026-06-17,Meta Ads,Cliente-1301E036,1,Campanha-942DC529,1,AdSet-33DED8F4,1,Anuncio-E2BBB95C,1,387.6,16196,323,16,0,7062,13799,0,5,600.0,video_thruplay_watched_actions,4237,default,0.09147982
2026-06-17,Meta Ads,Cliente-1301E036,1,Campanha-A1087A42,1,AdSet-3F3A9FAC,1,Anuncio-19D03D54,1,81.5,16303,326,16,0,1720,9858,0,5,600.0,video_thruplay_watched_actions,1032,default,0.07897287
2026-06-17,Meta Ads,Cliente-1301E036,1,Campanha-A1087A42,1,AdSet-3F3A9FAC,1,Anuncio-1F0B0200,1,12.6,1440,28,1,0,254,1058,0,0,0.0,video_thruplay_watched_actions,152,default,0.08289474
2026-06-17,Meta Ads,Cliente-1301E036,1,Campanha-A1087A42,1,AdSet-3F3A9FAC,1,Anuncio-C512F752,1,124.8,10417,208,10,0,1692,6539,0,3,360.0,video_thruplay_watched_actions,1015,default,0.12295567
2026-06-17,Meta Ads,Cliente-1301E036,1,Campanha-BAA2D61A,1,AdSet-F8D81242,1,Anuncio-9E8F58AB,1,88.8,1883,37,2,0,165,1641,0,0,0.0,video_thruplay_watched_actions,99,default,0.89696970
2026-06-17,Meta Ads,Cliente-6ED105CA,1,Campanha-409E3907,1,AdSet-3E655550,1,Anuncio-0888DFA2,1,657.8,14979,299,15,0,2928,9231,0,5,600.0,video_thruplay_watched_actions,1756,default,0.37460137
2026-06-17,Meta Ads,Cliente-6ED105CA,1,Campanha-409E3907,1,AdSet-DC1F642E,1,Anuncio-AD28A55D,1,162.8,3747,74,4,0,987,2767,0,1,120.0,video_thruplay_watched_actions,592,default,0.27500000
2026-06-17,Meta Ads,Cliente-6ED105CA,1,Campanha-86298F91,1,AdSet-1CAEFB1E,1,Anuncio-52861658,1,338.0,16934,338,17,0,2281,12488,0,5,600.0,video_thruplay_watched_actions,1368,default,0.24707602
2026-06-17,Meta Ads,Cliente-6ED105CA,1,Campanha-86298F91,1,AdSet-D6A72598,1,Anuncio-09915A4E,1,302.0,15106,302,15,0,1953,11371,0,5,600.0,video_thruplay_watched_actions,1171,default,0.25789923
2026-06-17,Meta Ads,Cliente-8595A0B1,2,Campanha-026778BE,1,AdSet-C451AA6E,1,Anuncio-E5CAFB1B,1,582.45,17685,353,18,0,7261,15145,0,6,720.0,actions:offsite_conversion.fb_pixel_lead,18,default,32.35833333
2026-06-17,Meta Ads,Cliente-8595A0B1,2,Campanha-6C8B5548,1,AdSet-38FD9C4C,1,Anuncio-850EF202,1,640.0,12827,256,13,0,3778,11316,0,4,480.0,actions:offsite_conversion.fb_pixel_lead,13,default,49.23076923
2026-06-17,Meta Ads,Cliente-8595A0B1,2,Campanha-6C8B5548,1,AdSet-D113B19A,1,Anuncio-A30083A9,1,730.0,14600,292,15,0,1664,10818,0,5,600.0,actions:offsite_conversion.fb_pixel_lead,15,default,48.66666667
2026-06-17,Meta Ads,Cliente-8595A0B1,2,Campanha-7435AF3B,1,AdSet-A9531AD0,1,Anuncio-E32DE258,1,337.0,16857,337,17,0,5695,12836,0,5,600.0,actions:offsite_conversion.fb_pixel_lead,17,default,19.82352941
2026-06-17,Meta Ads,Cliente-8595A0B1,2,Campanha-7435AF3B,1,AdSet-AB8B0426,1,Anuncio-DA061972,1,419.0,20975,419,21,0,4765,14294,0,7,840.0,actions:offsite_conversion.fb_pixel_lead,21,default,19.95238095
2026-06-17,Meta Ads,Cliente-8595A0B1,2,Campanha-80EA63AC,1,AdSet-839FE6F8,1,Anuncio-54AD6415,1,155.0,15549,310,16,0,2832,12512,0,5,600.0,actions:offsite_conversion.fb_pixel_lead,16,default,9.68750000
2026-06-17,Meta Ads,Cliente-8595A0B1,2,Campanha-80EA63AC,1,AdSet-839FE6F8,1,Anuncio-763D8A88,1,284.4,15808,316,16,0,3016,8804,0,5,600.0,actions:offsite_conversion.fb_pixel_lead,16,default,17.77500000
2026-06-17,Meta Ads,Cliente-8595A0B1,2,Campanha-80EA63AC,1,AdSet-839FE6F8,1,Anuncio-F7564EEF,1,13.0,3251,65,3,0,957,2610,0,1,120.0,actions:offsite_conversion.fb_pixel_lead,3,default,4.33333333
2026-06-17,Meta Ads,Cliente-8595A0B1,2,Campanha-ACFE35BB,1,AdSet-2FA08C4F,1,Anuncio-2FCC58DA,1,274.5,9167,183,9,0,3238,7989,0,3,360.0,actions:offsite_conversion.fb_pixel_lead,9,default,30.50000000
2026-06-17,Meta Ads,Cliente-8595A0B1,2,Campanha-ACFE35BB,1,AdSet-909F3F76,1,Anuncio-B55D4254,1,433.5,14472,289,14,0,2417,10707,0,4,480.0,actions:offsite_conversion.fb_pixel_lead,14,default,30.96428571
2026-06-17,Meta Ads,Cliente-8595A0B1,2,Campanha-D03279CF,1,AdSet-4B62792C,1,Anuncio-2CF462B1,1,694.0,17367,347,17,0,5307,12007,0,5,600.0,actions:offsite_conversion.fb_pixel_lead,17,default,40.82352941
2026-06-17,Meta Ads,Cliente-8595A0B1,2,Campanha-D03279CF,1,AdSet-5DC66742,1,Anuncio-6D0AB7AE,1,826.0,20687,413,21,0,2733,13484,0,7,840.0,actions:offsite_conversion.fb_pixel_lead,21,default,39.33333333
2026-06-17,Meta Ads,Cliente-8595A0B1,2,Campanha-D4F4B6F7,1,AdSet-6CA8CD14,1,Anuncio-DEF80DD8,1,62.4,2638,52,0,0,952,1637,0,0,0.0,actions:offsite_conversion.fb_pixel_lead,0,,
2026-06-17,Meta Ads,Cliente-8595A0B1,2,Campanha-D4F4B6F7,1,AdSet-B1087453,1,Anuncio-32A606B5,1,58.8,2485,49,0,0,425,1385,0,0,0.0,actions:offsite_conversion.fb_pixel_lead,0,,
2026-06-17,Meta Ads,Cliente-AD42A32D,1,Campanha-1605BED1,1,AdSet-F891FAAE,1,Anuncio-2634260D,1,469.2,19599,391,20,0,6280,10949,0,7,840.0,,,,
2026-06-17,Meta Ads,Cliente-AD42A32D,1,Campanha-1605BED1,1,AdSet-F891FAAE,1,Anuncio-293DED4C,2,11.2,1428,28,1,0,177,1233,0,0,0.0,,,,
2026-06-17,Meta Ads,Cliente-AD42A32D,1,Campanha-1605BED1,1,AdSet-F891FAAE,1,Anuncio-4EC6EBAA,1,340.2,18933,378,19,0,2554,14198,0,6,720.0,,,,
2026-06-17,Meta Ads,Cliente-AD42A32D,1,Campanha-1605BED1,1,AdSet-F891FAAE,1,Anuncio-E9DCB443,1,48.3,3452,69,3,0,583,2110,0,1,120.0,,,,
2026-06-17,Meta Ads,Cliente-AD42A32D,1,Campanha-16CF835F,1,AdSet-4A6E7F00,1,Anuncio-ACD3E146,1,509.6,9837,196,10,0,3404,6756,0,3,360.0,,,,
2026-06-17,Meta Ads,Cliente-AD42A32D,1,Campanha-16CF835F,1,AdSet-6272CAA6,1,Anuncio-A274723C,1,200.2,3878,77,4,0,1649,3108,0,1,120.0,,,,
2026-06-17,Meta Ads,Cliente-AD42A32D,1,Campanha-78D97BE5,1,AdSet-ECF361B8,1,Anuncio-89F19D87,1,330.4,11827,236,12,0,2383,9494,0,4,480.0,,,,
2026-06-17,Meta Ads,Cliente-AD42A32D,1,Campanha-820B11BE,1,AdSet-9AF72A34,1,Anuncio-74975EB1,1,596.0,14915,298,15,0,6333,9783,0,5,600.0,,,,
2026-06-17,Meta Ads,Cliente-AD42A32D,1,Campanha-820B11BE,1,AdSet-EBF937FB,1,Anuncio-C6C8C9C1,1,74.0,1885,37,2,0,160,1509,0,0,0.0,,,,
2026-06-18,Google Ads,Cliente-474CCCE3,1,Campanha-29ECA028,1,AdSet-32A0CF45,1,Anuncio-2FF839A3,1,418.0,10464,209,10.45,1254.0,495,0,0,0,0,,,,
2026-06-18,Google Ads,Cliente-474CCCE3,1,Campanha-29ECA028,1,AdSet-32A0CF45,1,Anuncio-A76D1B5E,1,217.5,7287,145,7.25,870.0,415,0,0,0,0,,,,
2026-06-18,Google Ads,Cliente-474CCCE3,1,Campanha-6E08A848,1,AdSet-CEC81128,1,Anuncio-3F3F9234,1,1075.0,21546,430,21.5,2580.0,1189,0,0,0,0,,,,
2026-06-18,Google Ads,Cliente-474CCCE3,1,Campanha-6E08A848,1,AdSet-D35341B0,1,Anuncio-FC062A4B,1,725.0,14548,290,14.5,1740.0,183,0,0,0,0,,,,
2026-06-18,Google Ads,Cliente-474CCCE3,1,Campanha-729BD069,1,AdSet-79BE6F30,1,Anuncio-317F6C10,1,305.2,21834,436,21.8,2616.0,440,0,0,0,0,,,,
2026-06-18,Google Ads,Cliente-474CCCE3,1,Campanha-729BD069,1,AdSet-79BE6F30,1,Anuncio-4CF83B7A,1,35.1,1360,27,1.35,162.0,23,0,0,0,0,,,,
2026-06-18,Google Ads,Cliente-474CCCE3,1,Campanha-729BD069,1,AdSet-79BE6F30,1,Anuncio-B452532A,1,486.4,15222,304,15.2,1824.0,216,0,0,0,0,,,,
2026-06-18,Google Ads,Cliente-474CCCE3,1,Campanha-729BD069,1,AdSet-79BE6F30,1,Anuncio-EB7DCF15,1,134.8,16865,337,16.85,2022.0,600,0,0,0,0,,,,
2026-06-18,Google Ads,Cliente-474CCCE3,1,Campanha-AB3864A1,1,AdSet-B4166F22,1,Anuncio-B8431021,1,310.0,7760,155,7.75,930.0,91,0,0,0,0,,,,
2026-06-18,Google Ads,Cliente-474CCCE3,1,Campanha-EEA08F81,2,AdSet-21817692,1,Anuncio-1F2C3323,1,74.8,18703,374,18.7,2244.0,668,0,0,0,0,,,,
2026-06-18,Google Ads,Cliente-474CCCE3,1,Campanha-EEA08F81,2,AdSet-21817692,1,Anuncio-97F07160,1,164.8,20603,412,20.6,2472.0,1070,0,0,0,0,,,,
2026-06-18,Google Ads,Cliente-474CCCE3,1,Campanha-EEA08F81,2,AdSet-39668F5E,1,Anuncio-2140A52E,1,50.4,4246,84,4.2,504.0,69,0,0,0,0,,,,
2026-06-18,Google Ads,Cliente-474CCCE3,1,Campanha-EEA08F81,2,AdSet-39668F5E,1,Anuncio-2CD4E792,2,101.6,6350,127,6.35,762.0,265,0,0,0,0,,,,
2026-06-18,Google Ads,Cliente-540F1743,1,Campanha-5FB26883,1,AdSet-75A9934D,1,Anuncio-0BD68F17,1,0.0,13462,269,13.45,1614.0,459,0,0,0,0,,,,
2026-06-18,Google Ads,Cliente-540F1743,1,Campanha-5FB26883,1,AdSet-C9396344,1,Anuncio-71058119,1,0.0,9395,187,9.35,1122.0,408,0,0,0,0,,,,
2026-06-18,Google Ads,Cliente-540F1743,1,Campanha-6279950B,1,AdSet-818EA13C,1,Anuncio-2696D408,1,716.3,18893,377,18.85,2262.0,1074,0,0,0,0,,,,
2026-06-18,Google Ads,Cliente-540F1743,1,Campanha-C4346965,1,AdSet-A39E8884,1,Anuncio-3F957FCA,1,370.7,16867,337,16.85,2022.0,125,0,0,0,0,,,,
2026-06-18,Google Ads,Cliente-540F1743,1,Campanha-C4346965,1,AdSet-DDA1CAB0,1,Anuncio-E33942DA,1,35.2,1622,32,1.6,192.0,48,0,0,0,0,,,,
2026-06-18,Meta Ads,Cliente-0D954560,1,Campanha-C132C431,1,AdSet-0E701B9C,1,Anuncio-B54E991E,1,356.2,13714,274,14,0,4731,10435,0,4,480.0,actions:offsite_conversion.fb_pixel_lead,14,default,25.44285714
2026-06-18,Meta Ads,Cliente-0D954560,1,Campanha-C132C431,1,AdSet-FD8E452C,1,Anuncio-281BA058,1,366.6,14109,282,14,0,2622,12230,0,4,480.0,actions:offsite_conversion.fb_pixel_lead,14,default,26.18571429
2026-06-18,Meta Ads,Cliente-0D954560,1,Campanha-E2C66194,2,AdSet-78ECC024,1,Anuncio-1BA82A24,1,452.1,20575,411,0,0,1798,15911,0,0,0.0,,,,
2026-06-18,Meta Ads,Cliente-0D954560,1,Campanha-E2C66194,2,AdSet-F3818FF2,1,Anuncio-1039A314,1,200.2,9112,182,0,0,1881,6969,0,0,0.0,,,,
2026-06-18,Meta Ads,Cliente-1301E036,1,Campanha-5AA632F6,1,AdSet-15C3C269,1,Anuncio-6C40FF24,1,180.0,5026,100,5,0,479,4423,0,1,120.0,video_thruplay_watched_actions,287,default,0.62717770
2026-06-18,Meta Ads,Cliente-1301E036,1,Campanha-5AA632F6,1,AdSet-437F32CF,1,Anuncio-D93BAE53,1,572.4,15905,318,16,0,4000,13722,0,5,600.0,video_thruplay_watched_actions,2400,default,0.23850000
2026-06-18,Meta Ads,Cliente-1301E036,1,Campanha-942DC529,1,AdSet-20AD549D,1,Anuncio-5488E69D,1,307.2,12806,256,13,0,4727,11131,0,4,480.0,video_thruplay_watched_actions,2836,default,0.10832158
2026-06-18,Meta Ads,Cliente-1301E036,1,Campanha-A1087A42,1,AdSet-3F3A9FAC,1,Anuncio-08CD3708,1,128.25,8556,171,9,0,1813,6489,0,3,360.0,video_thruplay_watched_actions,1087,default,0.11798528
2026-06-18,Meta Ads,Cliente-1301E036,1,Campanha-A1087A42,1,AdSet-3F3A9FAC,1,Anuncio-1F0B0200,1,150.75,16765,335,17,0,6884,12731,0,5,600.0,video_thruplay_watched_actions,4130,default,0.03650121
2026-06-18,Meta Ads,Cliente-1301E036,1,Campanha-A1087A42,1,AdSet-3F3A9FAC,1,Anuncio-C512F752,1,240.6,20091,401,20,0,3454,12732,0,7,840.0,video_thruplay_watched_actions,2072,default,0.11611969
2026-06-18,Meta Ads,Cliente-1301E036,1,Campanha-BAA2D61A,1,AdSet-21718E81,1,Anuncio-7E3C39EB,1,170.4,3585,71,4,0,562,2867,0,1,120.0,video_thruplay_watched_actions,337,default,0.50563798
2026-06-18,Meta Ads,Cliente-6ED105CA,1,Campanha-409E3907,1,AdSet-3E655550,1,Anuncio-0888DFA2,1,605.0,13769,275,14,0,3892,9770,0,4,480.0,video_thruplay_watched_actions,2335,default,0.25910064
2026-06-18,Meta Ads,Cliente-6ED105CA,1,Campanha-409E3907,1,AdSet-DC1F642E,1,Anuncio-AD28A55D,1,660.0,15021,300,15,0,6341,8973,0,5,600.0,video_thruplay_watched_actions,3804,default,0.17350158
2026-06-18,Meta Ads,Cliente-6ED105CA,1,Campanha-86298F91,1,AdSet-1CAEFB1E,1,Anuncio-52861658,1,323.0,16195,323,16,0,2518,10164,0,5,600.0,video_thruplay_watched_actions,1510,default,0.21390728
2026-06-18,Meta Ads,Cliente-8595A0B1,2,Campanha-026778BE,1,AdSet-C451AA6E,1,Anuncio-E5CAFB1B,1,726.0,22028,440,22,0,5537,13532,0,7,840.0,actions:offsite_conversion.fb_pixel_lead,22,default,33.00000000
2026-06-18,Meta Ads,Cliente-8595A0B1,2,Campanha-6C8B5548,1,AdSet-38FD9C4C,1,Anuncio-850EF202,1,452.5,9081,181,9,0,1586,7771,0,3,360.0,actions:offsite_conversion.fb_pixel_lead,9,default,50.27777778
2026-06-18,Meta Ads,Cliente-8595A0B1,2,Campanha-6C8B5548,1,AdSet-D113B19A,1,Anuncio-A30083A9,1,1065.0,21307,426,21,0,8737,14028,0,7,840.0,actions:offsite_conversion.fb_pixel_lead,21,default,50.71428571
2026-06-18,Meta Ads,Cliente-8595A0B1,2,Campanha-7435AF3B,1,AdSet-A9531AD0,1,Anuncio-E32DE258,1,107.0,5390,107,5,0,707,4221,0,1,120.0,actions:offsite_conversion.fb_pixel_lead,5,default,21.40000000
2026-06-18,Meta Ads,Cliente-8595A0B1,2,Campanha-7435AF3B,1,AdSet-AB8B0426,1,Anuncio-DA061972,1,445.0,22266,445,22,0,6337,13057,0,7,840.0,actions:offsite_conversion.fb_pixel_lead,22,default,20.22727273
2026-06-18,Meta Ads,Cliente-8595A0B1,2,Campanha-80EA63AC,1,AdSet-839FE6F8,1,Anuncio-54AD6415,1,195.0,19549,390,20,0,4647,11855,0,7,840.0,actions:offsite_conversion.fb_pixel_lead,20,default,9.75000000
2026-06-18,Meta Ads,Cliente-8595A0B1,2,Campanha-80EA63AC,1,AdSet-839FE6F8,1,Anuncio-763D8A88,1,302.4,16800,336,17,0,2407,11884,0,5,600.0,actions:offsite_conversion.fb_pixel_lead,17,default,17.78823529
2026-06-18,Meta Ads,Cliente-8595A0B1,2,Campanha-80EA63AC,1,AdSet-839FE6F8,1,Anuncio-AF9B4192,1,61.2,5146,102,5,0,666,3148,0,1,120.0,actions:offsite_conversion.fb_pixel_lead,5,default,12.24000000
2026-06-18,Meta Ads,Cliente-8595A0B1,2,Campanha-80EA63AC,1,AdSet-839FE6F8,1,Anuncio-F7564EEF,1,48.2,12052,241,12,0,3593,9611,0,4,480.0,actions:offsite_conversion.fb_pixel_lead,12,default,4.01666667
2026-06-18,Meta Ads,Cliente-8595A0B1,2,Campanha-ACFE35BB,1,AdSet-2FA08C4F,1,Anuncio-2FCC58DA,1,666.0,22214,444,22,0,8941,19940,0,7,840.0,actions:offsite_conversion.fb_pixel_lead,22,default,30.27272727
2026-06-18,Meta Ads,Cliente-8595A0B1,2,Campanha-ACFE35BB,1,AdSet-909F3F76,1,Anuncio-B55D4254,1,274.5,9187,183,9,0,1562,7343,0,3,360.0,actions:offsite_conversion.fb_pixel_lead,9,default,30.50000000
2026-06-18,Meta Ads,Cliente-8595A0B1,2,Campanha-D03279CF,1,AdSet-4B62792C,1,Anuncio-2CF462B1,1,690.0,17257,345,17,0,4241,14240,0,5,600.0,actions:offsite_conversion.fb_pixel_lead,17,default,40.58823529
2026-06-18,Meta Ads,Cliente-8595A0B1,2,Campanha-D03279CF,1,AdSet-5DC66742,1,Anuncio-6D0AB7AE,1,790.0,19771,395,20,0,3241,12366,0,7,840.0,actions:offsite_conversion.fb_pixel_lead,20,default,39.50000000
2026-06-18,Meta Ads,Cliente-8595A0B1,2,Campanha-D4F4B6F7,1,AdSet-6CA8CD14,1,Anuncio-DEF80DD8,1,37.2,1570,31,0,0,520,1344,0,0,0.0,actions:offsite_conversion.fb_pixel_lead,0,,
2026-06-18,Meta Ads,Cliente-8595A0B1,2,Campanha-D4F4B6F7,1,AdSet-B1087453,1,Anuncio-32A606B5,1,7.2,328,6,0,0,80,195,0,0,0.0,actions:offsite_conversion.fb_pixel_lead,0,,
2026-06-18,Meta Ads,Cliente-AD42A32D,1,Campanha-1605BED1,1,AdSet-F891FAAE,1,Anuncio-2634260D,1,117.6,4945,98,5,0,646,4314,0,1,120.0,,,,
2026-06-18,Meta Ads,Cliente-AD42A32D,1,Campanha-1605BED1,1,AdSet-F891FAAE,1,Anuncio-293DED4C,2,122.8,15353,307,15,0,3447,11399,0,5,600.0,,,,
2026-06-18,Meta Ads,Cliente-AD42A32D,1,Campanha-1605BED1,1,AdSet-F891FAAE,1,Anuncio-4EC6EBAA,1,155.7,8652,173,9,0,2944,6551,0,3,360.0,,,,
2026-06-18,Meta Ads,Cliente-AD42A32D,1,Campanha-1605BED1,1,AdSet-F891FAAE,1,Anuncio-E9DCB443,1,198.1,14187,283,14,0,4077,10167,0,4,480.0,,,,
2026-06-18,Meta Ads,Cliente-AD42A32D,1,Campanha-16CF835F,1,AdSet-4A6E7F00,1,Anuncio-ACD3E146,1,117.0,2293,45,2,0,187,1701,0,0,0.0,,,,
2026-06-18,Meta Ads,Cliente-AD42A32D,1,Campanha-16CF835F,1,AdSet-6272CAA6,1,Anuncio-A274723C,1,137.8,2673,53,3,0,223,1756,0,1,120.0,,,,
2026-06-18,Meta Ads,Cliente-AD42A32D,1,Campanha-78D97BE5,1,AdSet-2C3F076D,1,Anuncio-AE1F9355,1,428.4,15304,306,15,0,5837,11563,0,5,600.0,,,,
2026-06-18,Meta Ads,Cliente-AD42A32D,1,Campanha-78D97BE5,1,AdSet-ECF361B8,1,Anuncio-89F19D87,1,344.4,12349,246,12,0,1017,10634,0,4,480.0,,,,
2026-06-18,Meta Ads,Cliente-AD42A32D,1,Campanha-820B11BE,1,AdSet-9AF72A34,1,Anuncio-74975EB1,1,488.0,12225,244,12,0,5037,8407,0,4,480.0,,,,
2026-06-18,Meta Ads,Cliente-AD42A32D,1,Campanha-820B11BE,1,AdSet-EBF937FB,1,Anuncio-C6C8C9C1,1,246.0,6194,123,6,0,1506,3958,0,2,240.0,,,,
2026-06-19,Google Ads,Cliente-474CCCE3,1,Campanha-29ECA028,1,AdSet-32A0CF45,1,Anuncio-2FF839A3,1,632.0,15810,316,15.8,1896.0,3,0,0,0,0,,,,
2026-06-19,Google Ads,Cliente-474CCCE3,1,Campanha-29ECA028,1,AdSet-32A0CF45,1,Anuncio-9C010327,1,385.0,19262,385,19.25,2310.0,43,0,0,0,0,,,,
2026-06-19,Google Ads,Cliente-474CCCE3,1,Campanha-29ECA028,1,AdSet-32A0CF45,1,Anuncio-A76D1B5E,1,322.5,10764,215,10.75,1290.0,547,0,0,0,0,,,,
2026-06-19,Google Ads,Cliente-474CCCE3,1,Campanha-6E08A848,1,AdSet-CEC81128,1,Anuncio-3F3F9234,1,385.0,7734,154,7.7,924.0,121,0,0,0,0,,,,
2026-06-19,Google Ads,Cliente-474CCCE3,1,Campanha-6E08A848,1,AdSet-D35341B0,1,Anuncio-FC062A4B,1,377.5,7590,151,7.55,906.0,419,0,0,0,0,,,,
2026-06-19,Google Ads,Cliente-474CCCE3,1,Campanha-729BD069,1,AdSet-79BE6F30,1,Anuncio-317F6C10,1,218.4,15608,312,15.6,1872.0,842,0,0,0,0,,,,
2026-06-19,Google Ads,Cliente-474CCCE3,1,Campanha-729BD069,1,AdSet-79BE6F30,1,Anuncio-4CF83B7A,1,94.9,3674,73,3.65,438.0,13,0,0,0,0,,,,
2026-06-19,Google Ads,Cliente-474CCCE3,1,Campanha-729BD069,1,AdSet-79BE6F30,1,Anuncio-6B4F96B4,1,129.0,6473,129,6.45,774.0,288,0,0,0,0,,,,
2026-06-19,Google Ads,Cliente-474CCCE3,1,Campanha-729BD069,1,AdSet-79BE6F30,1,Anuncio-B452532A,1,203.2,6350,127,6.35,762.0,103,0,0,0,0,,,,
2026-06-19,Google Ads,Cliente-474CCCE3,1,Campanha-729BD069,1,AdSet-79BE6F30,1,Anuncio-EB7DCF15,1,113.6,14241,284,14.2,1704.0,244,0,0,0,0,,,,
2026-06-19,Google Ads,Cliente-474CCCE3,1,Campanha-AB3864A1,1,AdSet-5D96CA07,1,Anuncio-44D65130,1,508.0,12712,254,12.7,1524.0,194,0,0,0,0,,,,
2026-06-19,Google Ads,Cliente-474CCCE3,1,Campanha-AB3864A1,1,AdSet-B4166F22,1,Anuncio-B8431021,1,196.0,4902,98,4.9,588.0,290,0,0,0,0,,,,
2026-06-19,Google Ads,Cliente-474CCCE3,1,Campanha-EEA08F81,2,AdSet-21817692,1,Anuncio-1F2C3323,1,60.2,15051,301,15.05,1806.0,457,0,0,0,0,,,,
2026-06-19,Google Ads,Cliente-474CCCE3,1,Campanha-EEA08F81,2,AdSet-21817692,1,Anuncio-97F07160,1,162.8,20368,407,20.35,2442.0,368,0,0,0,0,,,,
2026-06-19,Google Ads,Cliente-474CCCE3,1,Campanha-EEA08F81,2,AdSet-39668F5E,1,Anuncio-2140A52E,1,28.2,2373,47,2.35,282.0,47,0,0,0,0,,,,
2026-06-19,Google Ads,Cliente-474CCCE3,1,Campanha-EEA08F81,2,AdSet-39668F5E,1,Anuncio-2CD4E792,2,155.2,9709,194,9.7,1164.0,488,0,0,0,0,,,,
2026-06-19,Google Ads,Cliente-540F1743,1,Campanha-5FB26883,1,AdSet-75A9934D,1,Anuncio-0BD68F17,1,0.0,10053,201,10.05,1206.0,347,0,0,0,0,,,,
2026-06-19,Google Ads,Cliente-540F1743,1,Campanha-5FB26883,1,AdSet-C9396344,1,Anuncio-71058119,1,0.0,1920,38,1.9,228.0,1,0,0,0,0,,,,
2026-06-19,Google Ads,Cliente-540F1743,1,Campanha-6279950B,1,AdSet-818EA13C,1,Anuncio-2696D408,1,98.8,2644,52,2.6,312.0,70,0,0,0,0,,,,
2026-06-19,Google Ads,Cliente-540F1743,1,Campanha-6279950B,1,AdSet-EA6C5DBD,1,Anuncio-B9B3D44A,1,231.8,6149,122,6.1,732.0,104,0,0,0,0,,,,
2026-06-19,Google Ads,Cliente-540F1743,1,Campanha-C4346965,1,AdSet-A39E8884,1,Anuncio-3F957FCA,1,324.5,14774,295,14.75,1770.0,144,0,0,0,0,,,,
2026-06-19,Google Ads,Cliente-540F1743,1,Campanha-C4346965,1,AdSet-DDA1CAB0,1,Anuncio-E33942DA,1,416.9,18977,379,18.95,2274.0,118,0,0,0,0,,,,
2026-06-19,Meta Ads,Cliente-0D954560,1,Campanha-C132C431,1,AdSet-0E701B9C,1,Anuncio-B54E991E,1,149.5,5756,115,6,0,792,5177,0,2,240.0,actions:offsite_conversion.fb_pixel_lead,6,default,24.91666667
2026-06-19,Meta Ads,Cliente-0D954560,1,Campanha-C132C431,1,AdSet-FD8E452C,1,Anuncio-281BA058,1,224.9,8669,173,9,0,3558,5205,0,3,360.0,actions:offsite_conversion.fb_pixel_lead,9,default,24.98888889
2026-06-19,Meta Ads,Cliente-0D954560,1,Campanha-E2C66194,2,AdSet-78ECC024,1,Anuncio-1BA82A24,1,196.9,8954,179,0,0,1177,5756,0,0,0.0,,,,
2026-06-19,Meta Ads,Cliente-0D954560,1,Campanha-E2C66194,2,AdSet-F3818FF2,1,Anuncio-1039A314,1,408.1,18556,371,0,0,4999,15241,0,0,0.0,,,,
2026-06-19,Meta Ads,Cliente-1301E036,1,Campanha-5AA632F6,1,AdSet-15C3C269,1,Anuncio-6C40FF24,1,696.6,19387,387,19,0,1962,13214,0,6,720.0,video_thruplay_watched_actions,1177,default,0.59184367
2026-06-19,Meta Ads,Cliente-1301E036,1,Campanha-5AA632F6,1,AdSet-437F32CF,1,Anuncio-D93BAE53,1,511.2,14204,284,14,0,1416,7824,0,4,480.0,video_thruplay_watched_actions,849,default,0.60212014
2026-06-19,Meta Ads,Cliente-1301E036,1,Campanha-942DC529,1,AdSet-20AD549D,1,Anuncio-5488E69D,1,495.6,20669,413,21,0,4579,16479,0,7,840.0,video_thruplay_watched_actions,2747,default,0.18041500
2026-06-19,Meta Ads,Cliente-1301E036,1,Campanha-942DC529,1,AdSet-33DED8F4,1,Anuncio-E2BBB95C,1,90.0,3789,75,4,0,1155,2387,0,1,120.0,video_thruplay_watched_actions,693,default,0.12987013
2026-06-19,Meta Ads,Cliente-1301E036,1,Campanha-A1087A42,1,AdSet-3F3A9FAC,1,Anuncio-08CD3708,1,199.5,13314,266,13,0,2465,10121,0,4,480.0,video_thruplay_watched_actions,1479,default,0.13488844
2026-06-19,Meta Ads,Cliente-1301E036,1,Campanha-A1087A42,1,AdSet-3F3A9FAC,1,Anuncio-19D03D54,1,23.25,4687,93,5,0,1013,4049,0,1,120.0,video_thruplay_watched_actions,607,default,0.03830313
2026-06-19,Meta Ads,Cliente-1301E036,1,Campanha-A1087A42,1,AdSet-3F3A9FAC,1,Anuncio-1F0B0200,1,49.95,5553,111,6,0,2272,4868,0,2,240.0,video_thruplay_watched_actions,1363,default,0.03664710
2026-06-19,Meta Ads,Cliente-1301E036,1,Campanha-A1087A42,1,AdSet-3F3A9FAC,1,Anuncio-92C2AD5A,1,215.65,11380,227,11,0,3192,6872,0,3,360.0,video_thruplay_watched_actions,1915,default,0.11261097
2026-06-19,Meta Ads,Cliente-1301E036,1,Campanha-A1087A42,1,AdSet-3F3A9FAC,1,Anuncio-C512F752,1,142.8,11906,238,12,0,3355,8169,0,4,480.0,video_thruplay_watched_actions,2013,default,0.07093890
2026-06-19,Meta Ads,Cliente-1301E036,1,Campanha-BAA2D61A,1,AdSet-21718E81,1,Anuncio-7E3C39EB,1,1096.8,22868,457,23,0,3676,20388,0,8,960.0,video_thruplay_watched_actions,2205,default,0.49741497
2026-06-19,Meta Ads,Cliente-6ED105CA,1,Campanha-409E3907,1,AdSet-3E655550,1,Anuncio-0888DFA2,1,453.2,10331,206,10,0,840,6952,0,3,360.0,video_thruplay_watched_actions,504,default,0.89920635
2026-06-19,Meta Ads,Cliente-6ED105CA,1,Campanha-409E3907,1,AdSet-DC1F642E,1,Anuncio-AD28A55D,1,70.4,1618,32,2,0,519,1049,0,0,0.0,video_thruplay_watched_actions,311,default,0.22636656
2026-06-19,Meta Ads,Cliente-6ED105CA,1,Campanha-86298F91,1,AdSet-1CAEFB1E,1,Anuncio-52861658,1,303.0,15178,303,15,0,5374,11002,0,5,600.0,video_thruplay_watched_actions,3224,default,0.09398263
2026-06-19,Meta Ads,Cliente-6ED105CA,1,Campanha-86298F91,1,AdSet-D6A72598,1,Anuncio-09915A4E,1,148.0,7432,148,7,0,1859,6115,0,2,240.0,video_thruplay_watched_actions,1115,default,0.13273543
2026-06-19,Meta Ads,Cliente-8595A0B1,2,Campanha-026778BE,1,AdSet-C451AA6E,1,Anuncio-E5CAFB1B,1,471.9,14327,286,14,0,5857,10372,0,4,480.0,actions:offsite_conversion.fb_pixel_lead,14,default,33.70714286
2026-06-19,Meta Ads,Cliente-8595A0B1,2,Campanha-026778BE,1,AdSet-E02677A8,1,Anuncio-6A27FA82,1,622.05,18855,377,19,0,7159,14911,0,6,720.0,actions:offsite_conversion.fb_pixel_lead,19,default,32.73947368
2026-06-19,Meta Ads,Cliente-8595A0B1,2,Campanha-6C8B5548,1,AdSet-38FD9C4C,1,Anuncio-850EF202,1,1020.0,20441,408,20,0,4201,11906,0,7,840.0,actions:offsite_conversion.fb_pixel_lead,20,default,51.00000000
2026-06-19,Meta Ads,Cliente-8595A0B1,2,Campanha-6C8B5548,1,AdSet-D113B19A,1,Anuncio-A30083A9,1,117.5,2356,47,2,0,389,1386,0,0,0.0,actions:offsite_conversion.fb_pixel_lead,2,default,58.75000000
2026-06-19,Meta Ads,Cliente-8595A0B1,2,Campanha-7435AF3B,1,AdSet-A9531AD0,1,Anuncio-E32DE258,1,328.0,16438,328,16,0,1805,12913,0,5,600.0,actions:offsite_conversion.fb_pixel_lead,16,default,20.50000000
2026-06-19,Meta Ads,Cliente-8595A0B1,2,Campanha-7435AF3B,1,AdSet-AB8B0426,1,Anuncio-DA061972,1,403.0,20173,403,20,0,3633,15022,0,7,840.0,actions:offsite_conversion.fb_pixel_lead,20,default,20.15000000
2026-06-19,Meta Ads,Cliente-8595A0B1,2,Campanha-80EA63AC,1,AdSet-839FE6F8,1,Anuncio-54AD6415,1,21.5,2190,43,2,0,265,1431,0,0,0.0,actions:offsite_conversion.fb_pixel_lead,2,default,10.75000000
2026-06-19,Meta Ads,Cliente-8595A0B1,2,Campanha-80EA63AC,1,AdSet-839FE6F8,1,Anuncio-F7564EEF,1,8.6,2195,43,2,0,591,1436,0,0,0.0,actions:offsite_conversion.fb_pixel_lead,2,default,4.30000000
2026-06-19,Meta Ads,Cliente-8595A0B1,2,Campanha-ACFE35BB,1,AdSet-2FA08C4F,1,Anuncio-2FCC58DA,1,535.5,17869,357,18,0,1937,11613,0,6,720.0,actions:offsite_conversion.fb_pixel_lead,18,default,29.75000000
2026-06-19,Meta Ads,Cliente-8595A0B1,2,Campanha-ACFE35BB,1,AdSet-909F3F76,1,Anuncio-B55D4254,1,561.0,18722,374,19,0,1998,10332,0,6,720.0,actions:offsite_conversion.fb_pixel_lead,19,default,29.52631579
2026-06-19,Meta Ads,Cliente-8595A0B1,2,Campanha-D03279CF,1,AdSet-4B62792C,1,Anuncio-2CF462B1,1,754.0,18855,377,19,0,5122,10501,0,6,720.0,actions:offsite_conversion.fb_pixel_lead,19,default,39.68421053
2026-06-19,Meta Ads,Cliente-8595A0B1,2,Campanha-D03279CF,1,AdSet-5DC66742,1,Anuncio-6D0AB7AE,1,314.0,7861,157,8,0,2312,5553,0,2,240.0,actions:offsite_conversion.fb_pixel_lead,8,default,39.25000000
2026-06-19,Meta Ads,Cliente-8595A0B1,2,Campanha-D4F4B6F7,1,AdSet-6CA8CD14,1,Anuncio-DEF80DD8,1,61.2,2553,51,0,0,242,1904,0,0,0.0,actions:offsite_conversion.fb_pixel_lead,0,,
2026-06-19,Meta Ads,Cliente-8595A0B1,2,Campanha-D4F4B6F7,1,AdSet-B1087453,1,Anuncio-32A606B5,1,39.6,1675,33,0,0,679,1135,0,0,0.0,actions:offsite_conversion.fb_pixel_lead,0,,
2026-06-19,Meta Ads,Cliente-AD42A32D,1,Campanha-1605BED1,1,AdSet-F891FAAE,1,Anuncio-2634260D,1,266.4,11127,222,11,0,3683,6500,0,3,360.0,,,,
2026-06-19,Meta Ads,Cliente-AD42A32D,1,Campanha-1605BED1,1,AdSet-F891FAAE,1,Anuncio-4EC6EBAA,1,155.7,8685,173,9,0,763,6255,0,3,360.0,,,,
2026-06-19,Meta Ads,Cliente-AD42A32D,1,Campanha-1605BED1,1,AdSet-F891FAAE,1,Anuncio-E9DCB443,1,306.6,21908,438,22,0,5471,15083,0,7,840.0,,,,
2026-06-19,Meta Ads,Cliente-AD42A32D,1,Campanha-16CF835F,1,AdSet-4A6E7F00,1,Anuncio-ACD3E146,1,275.6,5331,106,5,0,476,4303,0,1,120.0,,,,
2026-06-19,Meta Ads,Cliente-AD42A32D,1,Campanha-16CF835F,1,AdSet-6272CAA6,1,Anuncio-A274723C,1,811.2,15615,312,16,0,4660,10369,0,5,600.0,,,,
2026-06-19,Meta Ads,Cliente-AD42A32D,1,Campanha-78D97BE5,1,AdSet-2C3F076D,1,Anuncio-AE1F9355,1,341.6,12228,244,12,0,4172,10796,0,4,480.0,,,,
2026-06-19,Meta Ads,Cliente-AD42A32D,1,Campanha-820B11BE,1,AdSet-9AF72A34,1,Anuncio-74975EB1,1,534.0,13385,267,13,0,3312,10704,0,4,480.0,,,,
2026-06-19,Meta Ads,Cliente-AD42A32D,1,Campanha-820B11BE,1,AdSet-EBF937FB,1,Anuncio-C6C8C9C1,1,688.0,17229,344,17,0,2398,11475,0,5,600.0,,,,
2026-06-20,Google Ads,Cliente-474CCCE3,1,Campanha-29ECA028,1,AdSet-32A0CF45,1,Anuncio-2FF839A3,1,112.0,2801,56,2.8,336.0,25,0,0,0,0,,,,
2026-06-20,Google Ads,Cliente-474CCCE3,1,Campanha-29ECA028,1,AdSet-32A0CF45,1,Anuncio-9C010327,1,53.0,2659,53,2.65,318.0,84,0,0,0,0,,,,
2026-06-20,Google Ads,Cliente-474CCCE3,1,Campanha-29ECA028,1,AdSet-32A0CF45,1,Anuncio-A76D1B5E,1,27.0,902,18,0.9,108.0,44,0,0,0,0,,,,
2026-06-20,Google Ads,Cliente-474CCCE3,1,Campanha-6E08A848,1,AdSet-CEC81128,1,Anuncio-3F3F9234,1,210.0,4234,84,4.2,504.0,130,0,0,0,0,,,,
2026-06-20,Google Ads,Cliente-474CCCE3,1,Campanha-6E08A848,1,AdSet-D35341B0,1,Anuncio-FC062A4B,1,545.0,10910,218,10.9,1308.0,35,0,0,0,0,,,,
2026-06-20,Google Ads,Cliente-474CCCE3,1,Campanha-729BD069,1,AdSet-79BE6F30,1,Anuncio-317F6C10,1,162.4,11641,232,11.6,1392.0,191,0,0,0,0,,,,
2026-06-20,Google Ads,Cliente-474CCCE3,1,Campanha-729BD069,1,AdSet-79BE6F30,1,Anuncio-4CF83B7A,1,202.8,7815,156,7.8,936.0,415,0,0,0,0,,,,
2026-06-20,Google Ads,Cliente-474CCCE3,1,Campanha-729BD069,1,AdSet-79BE6F30,1,Anuncio-6B4F96B4,1,166.0,8303,166,8.3,996.0,305,0,0,0,0,,,,
2026-06-20,Google Ads,Cliente-474CCCE3,1,Campanha-729BD069,1,AdSet-79BE6F30,1,Anuncio-B452532A,1,412.8,12903,258,12.9,1548.0,50,0,0,0,0,,,,
2026-06-20,Google Ads,Cliente-474CCCE3,1,Campanha-729BD069,1,AdSet-79BE6F30,1,Anuncio-EB7DCF15,1,108.4,13592,271,13.55,1626.0,611,0,0,0,0,,,,
2026-06-20,Google Ads,Cliente-474CCCE3,1,Campanha-AB3864A1,1,AdSet-5D96CA07,1,Anuncio-44D65130,1,504.0,12626,252,12.6,1512.0,622,0,0,0,0,,,,
2026-06-20,Google Ads,Cliente-474CCCE3,1,Campanha-AB3864A1,1,AdSet-B4166F22,1,Anuncio-B8431021,1,396.0,9944,198,9.9,1188.0,198,0,0,0,0,,,,
2026-06-20,Google Ads,Cliente-474CCCE3,1,Campanha-EEA08F81,2,AdSet-21817692,1,Anuncio-1F2C3323,1,48.2,12054,241,12.05,1446.0,432,0,0,0,0,,,,
2026-06-20,Google Ads,Cliente-474CCCE3,1,Campanha-EEA08F81,2,AdSet-21817692,1,Anuncio-97F07160,1,80.0,10006,200,10.0,1200.0,113,0,0,0,0,,,,
2026-06-20,Google Ads,Cliente-474CCCE3,1,Campanha-EEA08F81,2,AdSet-39668F5E,1,Anuncio-2140A52E,1,45.0,3756,75,3.75,450.0,36,0,0,0,0,,,,
2026-06-20,Google Ads,Cliente-474CCCE3,1,Campanha-EEA08F81,2,AdSet-39668F5E,1,Anuncio-2CD4E792,2,160.8,10086,201,10.05,1206.0,277,0,0,0,0,,,,
2026-06-20,Google Ads,Cliente-540F1743,1,Campanha-5FB26883,1,AdSet-75A9934D,1,Anuncio-0BD68F17,1,0.0,8896,177,8.85,1062.0,384,0,0,0,0,,,,
2026-06-20,Google Ads,Cliente-540F1743,1,Campanha-5FB26883,1,AdSet-C9396344,1,Anuncio-71058119,1,0.0,12275,245,12.25,1470.0,329,0,0,0,0,,,,
2026-06-20,Google Ads,Cliente-540F1743,1,Campanha-6279950B,1,AdSet-818EA13C,1,Anuncio-2696D408,1,311.6,8244,164,8.2,984.0,199,0,0,0,0,,,,
2026-06-20,Google Ads,Cliente-540F1743,1,Campanha-6279950B,1,AdSet-EA6C5DBD,1,Anuncio-B9B3D44A,1,39.9,1079,21,1.05,126.0,45,0,0,0,0,,,,
2026-06-20,Google Ads,Cliente-540F1743,1,Campanha-C4346965,1,AdSet-A39E8884,1,Anuncio-3F957FCA,1,128.7,5860,117,5.85,702.0,170,0,0,0,0,,,,
2026-06-20,Google Ads,Cliente-540F1743,1,Campanha-C4346965,1,AdSet-DDA1CAB0,1,Anuncio-E33942DA,1,58.3,2681,53,2.65,318.0,110,0,0,0,0,,,,
2026-06-20,Meta Ads,Cliente-0D954560,1,Campanha-C132C431,1,AdSet-0E701B9C,1,Anuncio-B54E991E,1,280.8,10816,216,11,0,4185,6995,0,3,360.0,actions:offsite_conversion.fb_pixel_lead,11,default,25.52727273
2026-06-20,Meta Ads,Cliente-0D954560,1,Campanha-C132C431,1,AdSet-FD8E452C,1,Anuncio-281BA058,1,183.3,7061,141,7,0,2028,5822,0,2,240.0,actions:offsite_conversion.fb_pixel_lead,7,default,26.18571429
2026-06-20,Meta Ads,Cliente-0D954560,1,Campanha-E2C66194,2,AdSet-78ECC024,1,Anuncio-1BA82A24,1,136.4,6214,124,0,0,2407,4630,0,0,0.0,,,,
2026-06-20,Meta Ads,Cliente-0D954560,1,Campanha-E2C66194,2,AdSet-F3818FF2,1,Anuncio-1039A314,1,266.2,12108,242,0,0,2395,8661,0,0,0.0,,,,
2026-06-20,Meta Ads,Cliente-1301E036,1,Campanha-5AA632F6,1,AdSet-15C3C269,1,Anuncio-6C40FF24,1,253.8,7051,141,7,0,1440,4964,0,2,240.0,video_thruplay_watched_actions,864,default,0.29375000
2026-06-20,Meta Ads,Cliente-1301E036,1,Campanha-5AA632F6,1,AdSet-437F32CF,1,Anuncio-D93BAE53,1,232.2,6489,129,6,0,1696,5516,0,2,240.0,video_thruplay_watched_actions,1017,default,0.22831858
2026-06-20,Meta Ads,Cliente-1301E036,1,Campanha-942DC529,1,AdSet-20AD549D,1,Anuncio-5488E69D,1,242.4,10115,202,10,0,1244,8020,0,3,360.0,video_thruplay_watched_actions,746,default,0.32493298
2026-06-20,Meta Ads,Cliente-1301E036,1,Campanha-942DC529,1,AdSet-33DED8F4,1,Anuncio-E2BBB95C,1,307.2,12830,256,13,0,1807,8615,0,4,480.0,video_thruplay_watched_actions,1084,default,0.28339483
2026-06-20,Meta Ads,Cliente-1301E036,1,Campanha-A1087A42,1,AdSet-3F3A9FAC,1,Anuncio-08CD3708,1,129.75,8676,173,9,0,3761,7140,0,3,360.0,video_thruplay_watched_actions,2256,default,0.05751330
2026-06-20,Meta Ads,Cliente-1301E036,1,Campanha-A1087A42,1,AdSet-3F3A9FAC,1,Anuncio-1F0B0200,1,109.8,12228,244,12,0,1990,9631,0,4,480.0,video_thruplay_watched_actions,1194,default,0.09195980
2026-06-20,Meta Ads,Cliente-1301E036,1,Campanha-A1087A42,1,AdSet-3F3A9FAC,1,Anuncio-92C2AD5A,1,290.7,15312,306,15,0,4135,10115,0,5,600.0,video_thruplay_watched_actions,2481,default,0.11717050
2026-06-20,Meta Ads,Cliente-1301E036,1,Campanha-A1087A42,1,AdSet-3F3A9FAC,1,Anuncio-C512F752,1,64.2,5389,107,5,0,1486,3764,0,1,120.0,video_thruplay_watched_actions,891,default,0.07205387
2026-06-20,Meta Ads,Cliente-1301E036,1,Campanha-BAA2D61A,1,AdSet-21718E81,1,Anuncio-7E3C39EB,1,506.4,10575,211,11,0,1185,6983,0,3,360.0,video_thruplay_watched_actions,711,default,0.71223629
2026-06-20,Meta Ads,Cliente-1301E036,1,Campanha-BAA2D61A,1,AdSet-F8D81242,1,Anuncio-9E8F58AB,1,504.0,10504,210,10,0,1556,6193,0,3,360.0,video_thruplay_watched_actions,933,default,0.54019293
2026-06-20,Meta Ads,Cliente-6ED105CA,1,Campanha-409E3907,1,AdSet-3E655550,1,Anuncio-0888DFA2,1,259.6,5945,118,6,0,2278,4992,0,2,240.0,video_thruplay_watched_actions,1366,default,0.19004392
2026-06-20,Meta Ads,Cliente-6ED105CA,1,Campanha-409E3907,1,AdSet-DC1F642E,1,Anuncio-AD28A55D,1,385.0,8765,175,9,0,1422,7726,0,3,360.0,video_thruplay_watched_actions,853,default,0.45134818
2026-06-20,Meta Ads,Cliente-6ED105CA,1,Campanha-86298F91,1,AdSet-1CAEFB1E,1,Anuncio-52861658,1,219.0,10954,219,11,0,1813,7237,0,3,360.0,video_thruplay_watched_actions,1087,default,0.20147194
2026-06-20,Meta Ads,Cliente-6ED105CA,1,Campanha-86298F91,1,AdSet-D6A72598,1,Anuncio-09915A4E,1,167.0,8352,167,8,0,3000,7436,0,2,240.0,video_thruplay_watched_actions,1800,default,0.09277778
2026-06-20,Meta Ads,Cliente-8595A0B1,2,Campanha-6C8B5548,1,AdSet-38FD9C4C,1,Anuncio-850EF202,1,550.0,11026,220,11,0,3187,6111,0,3,360.0,actions:offsite_conversion.fb_pixel_lead,11,default,50.00000000
2026-06-20,Meta Ads,Cliente-8595A0B1,2,Campanha-6C8B5548,1,AdSet-D113B19A,1,Anuncio-A30083A9,1,37.5,777,15,1,0,202,494,0,0,0.0,actions:offsite_conversion.fb_pixel_lead,1,default,37.50000000
2026-06-20,Meta Ads,Cliente-8595A0B1,2,Campanha-7435AF3B,1,AdSet-A9531AD0,1,Anuncio-E32DE258,1,36.0,1803,36,2,0,484,1232,0,0,0.0,actions:offsite_conversion.fb_pixel_lead,2,default,18.00000000
2026-06-20,Meta Ads,Cliente-8595A0B1,2,Campanha-7435AF3B,1,AdSet-AB8B0426,1,Anuncio-DA061972,1,76.0,3846,76,4,0,323,2636,0,1,120.0,actions:offsite_conversion.fb_pixel_lead,4,default,19.00000000
2026-06-20,Meta Ads,Cliente-8595A0B1,2,Campanha-80EA63AC,1,AdSet-839FE6F8,1,Anuncio-54AD6415,1,62.0,6225,124,6,0,2038,3693,0,2,240.0,actions:offsite_conversion.fb_pixel_lead,6,default,10.33333333
2026-06-20,Meta Ads,Cliente-8595A0B1,2,Campanha-80EA63AC,1,AdSet-839FE6F8,1,Anuncio-763D8A88,1,67.5,3798,75,4,0,1419,2239,0,1,120.0,actions:offsite_conversion.fb_pixel_lead,4,default,16.87500000
2026-06-20,Meta Ads,Cliente-8595A0B1,2,Campanha-80EA63AC,1,AdSet-839FE6F8,1,Anuncio-F7564EEF,1,25.0,6277,125,6,0,733,3961,0,2,240.0,actions:offsite_conversion.fb_pixel_lead,6,default,4.16666667
2026-06-20,Meta Ads,Cliente-8595A0B1,2,Campanha-ACFE35BB,1,AdSet-2FA08C4F,1,Anuncio-2FCC58DA,1,379.5,12685,253,13,0,3807,8133,0,4,480.0,actions:offsite_conversion.fb_pixel_lead,13,default,29.19230769
2026-06-20,Meta Ads,Cliente-8595A0B1,2,Campanha-D03279CF,1,AdSet-4B62792C,1,Anuncio-2CF462B1,1,34.0,869,17,1,0,235,618,0,0,0.0,actions:offsite_conversion.fb_pixel_lead,1,default,34.00000000
2026-06-20,Meta Ads,Cliente-8595A0B1,2,Campanha-D03279CF,1,AdSet-5DC66742,1,Anuncio-6D0AB7AE,1,452.0,11328,226,11,0,1286,7985,0,3,360.0,actions:offsite_conversion.fb_pixel_lead,11,default,41.09090909
2026-06-20,Meta Ads,Cliente-8595A0B1,2,Campanha-D4F4B6F7,1,AdSet-6CA8CD14,1,Anuncio-DEF80DD8,1,16.8,708,14,0,0,307,475,0,0,0.0,actions:offsite_conversion.fb_pixel_lead,0,,
2026-06-20,Meta Ads,Cliente-8595A0B1,2,Campanha-D4F4B6F7,1,AdSet-B1087453,1,Anuncio-32A606B5,1,45.6,1907,38,0,0,793,1404,0,0,0.0,actions:offsite_conversion.fb_pixel_lead,0,,
2026-06-20,Meta Ads,Cliente-AD42A32D,1,Campanha-1605BED1,1,AdSet-F891FAAE,1,Anuncio-2634260D,1,67.2,2804,56,3,0,516,1705,0,1,120.0,,,,
2026-06-20,Meta Ads,Cliente-AD42A32D,1,Campanha-1605BED1,1,AdSet-F891FAAE,1,Anuncio-293DED4C,2,120.8,15140,302,15,0,6632,12030,0,5,600.0,,,,
2026-06-20,Meta Ads,Cliente-AD42A32D,1,Campanha-1605BED1,1,AdSet-F891FAAE,1,Anuncio-4EC6EBAA,1,19.8,1110,22,1,0,254,754,0,0,0.0,,,,
2026-06-20,Meta Ads,Cliente-AD42A32D,1,Campanha-1605BED1,1,AdSet-F891FAAE,1,Anuncio-E9DCB443,1,60.9,4388,87,4,0,1947,3298,0,1,120.0,,,,
2026-06-20,Meta Ads,Cliente-AD42A32D,1,Campanha-16CF835F,1,AdSet-4A6E7F00,1,Anuncio-ACD3E146,1,520.0,10012,200,10,0,2852,7746,0,3,360.0,,,,
2026-06-20,Meta Ads,Cliente-AD42A32D,1,Campanha-16CF835F,1,AdSet-6272CAA6,1,Anuncio-A274723C,1,296.4,5735,114,6,0,788,5121,0,2,240.0,,,,
2026-06-20,Meta Ads,Cliente-AD42A32D,1,Campanha-78D97BE5,1,AdSet-ECF361B8,1,Anuncio-89F19D87,1,256.2,9171,183,9,0,881,5460,0,3,360.0,,,,
2026-06-20,Meta Ads,Cliente-AD42A32D,1,Campanha-820B11BE,1,AdSet-9AF72A34,1,Anuncio-74975EB1,1,152.0,3809,76,4,0,1616,2322,0,1,120.0,,,,
2026-06-20,Meta Ads,Cliente-AD42A32D,1,Campanha-820B11BE,1,AdSet-EBF937FB,1,Anuncio-C6C8C9C1,1,546.0,13699,273,14,0,5451,10933,0,4,480.0,,,,
2026-06-21,Google Ads,Cliente-474CCCE3,1,Campanha-29ECA028,1,AdSet-32A0CF45,1,Anuncio-2FF839A3,1,416.0,10430,208,10.4,1248.0,287,0,0,0,0,,,,
2026-06-21,Google Ads,Cliente-474CCCE3,1,Campanha-29ECA028,1,AdSet-32A0CF45,1,Anuncio-9C010327,1,25.0,1276,25,1.25,150.0,56,0,0,0,0,,,,
2026-06-21,Google Ads,Cliente-474CCCE3,1,Campanha-6E08A848,1,AdSet-CEC81128,1,Anuncio-3F3F9234,1,515.0,10346,206,10.3,1236.0,28,0,0,0,0,,,,
2026-06-21,Google Ads,Cliente-474CCCE3,1,Campanha-6E08A848,1,AdSet-D35341B0,1,Anuncio-FC062A4B,1,672.5,13475,269,13.45,1614.0,471,0,0,0,0,,,,
2026-06-21,Google Ads,Cliente-474CCCE3,1,Campanha-729BD069,1,AdSet-79BE6F30,1,Anuncio-317F6C10,1,105.7,7599,151,7.55,906.0,247,0,0,0,0,,,,
2026-06-21,Google Ads,Cliente-474CCCE3,1,Campanha-729BD069,1,AdSet-79BE6F30,1,Anuncio-4CF83B7A,1,361.4,13900,278,13.9,1668.0,223,0,0,0,0,,,,
2026-06-21,Google Ads,Cliente-474CCCE3,1,Campanha-729BD069,1,AdSet-79BE6F30,1,Anuncio-6B4F96B4,1,181.0,9058,181,9.05,1086.0,370,0,0,0,0,,,,
2026-06-21,Google Ads,Cliente-474CCCE3,1,Campanha-729BD069,1,AdSet-79BE6F30,1,Anuncio-B452532A,1,64.0,2034,40,2.0,240.0,64,0,0,0,0,,,,
2026-06-21,Google Ads,Cliente-474CCCE3,1,Campanha-729BD069,1,AdSet-79BE6F30,1,Anuncio-EB7DCF15,1,104.4,13070,261,13.05,1566.0,287,0,0,0,0,,,,
2026-06-21,Google Ads,Cliente-474CCCE3,1,Campanha-AB3864A1,1,AdSet-5D96CA07,1,Anuncio-44D65130,1,128.0,3209,64,3.2,384.0,53,0,0,0,0,,,,
2026-06-21,Google Ads,Cliente-474CCCE3,1,Campanha-AB3864A1,1,AdSet-B4166F22,1,Anuncio-B8431021,1,310.0,7788,155,7.75,930.0,313,0,0,0,0,,,,
2026-06-21,Google Ads,Cliente-474CCCE3,1,Campanha-EEA08F81,2,AdSet-21817692,1,Anuncio-97F07160,1,54.4,6827,136,6.8,816.0,274,0,0,0,0,,,,
2026-06-21,Google Ads,Cliente-474CCCE3,1,Campanha-EEA08F81,2,AdSet-39668F5E,1,Anuncio-2140A52E,1,121.2,10136,202,10.1,1212.0,538,0,0,0,0,,,,
2026-06-21,Google Ads,Cliente-474CCCE3,1,Campanha-EEA08F81,2,AdSet-39668F5E,1,Anuncio-2CD4E792,2,209.6,13130,262,13.1,1572.0,179,0,0,0,0,,,,
2026-06-21,Google Ads,Cliente-540F1743,1,Campanha-5FB26883,1,AdSet-75A9934D,1,Anuncio-0BD68F17,1,0.0,1434,28,1.4,168.0,55,0,0,0,0,,,,
2026-06-21,Google Ads,Cliente-540F1743,1,Campanha-5FB26883,1,AdSet-C9396344,1,Anuncio-71058119,1,0.0,926,18,0.9,108.0,28,0,0,0,0,,,,
2026-06-21,Google Ads,Cliente-540F1743,1,Campanha-6279950B,1,AdSet-818EA13C,1,Anuncio-2696D408,1,245.1,6463,129,6.45,774.0,379,0,0,0,0,,,,
2026-06-21,Google Ads,Cliente-540F1743,1,Campanha-6279950B,1,AdSet-EA6C5DBD,1,Anuncio-B9B3D44A,1,104.5,2774,55,2.75,330.0,6,0,0,0,0,,,,
2026-06-21,Google Ads,Cliente-540F1743,1,Campanha-C4346965,1,AdSet-A39E8884,1,Anuncio-3F957FCA,1,250.8,11424,228,11.4,1368.0,555,0,0,0,0,,,,
2026-06-21,Google Ads,Cliente-540F1743,1,Campanha-C4346965,1,AdSet-DDA1CAB0,1,Anuncio-E33942DA,1,231.0,10532,210,10.5,1260.0,381,0,0,0,0,,,,
2026-06-21,Meta Ads,Cliente-0D954560,1,Campanha-C132C431,1,AdSet-0E701B9C,1,Anuncio-B54E991E,1,31.2,1229,24,1,0,359,996,0,0,0.0,actions:offsite_conversion.fb_pixel_lead,1,default,31.20000000
2026-06-21,Meta Ads,Cliente-0D954560,1,Campanha-C132C431,1,AdSet-FD8E452C,1,Anuncio-281BA058,1,135.2,5201,104,5,0,522,3444,0,1,120.0,actions:offsite_conversion.fb_pixel_lead,5,default,27.04000000
2026-06-21,Meta Ads,Cliente-0D954560,1,Campanha-E2C66194,2,AdSet-78ECC024,1,Anuncio-1BA82A24,1,202.4,9211,184,0,0,1220,7159,0,0,0.0,,,,
2026-06-21,Meta Ads,Cliente-0D954560,1,Campanha-E2C66194,2,AdSet-F3818FF2,1,Anuncio-1039A314,1,51.7,2357,47,0,0,696,1893,0,0,0.0,,,,
2026-06-21,Meta Ads,Cliente-1301E036,1,Campanha-5AA632F6,1,AdSet-15C3C269,1,Anuncio-6C40FF24,1,217.8,6052,121,6,0,807,3421,0,2,240.0,video_thruplay_watched_actions,484,default,0.45000000
2026-06-21,Meta Ads,Cliente-1301E036,1,Campanha-5AA632F6,1,AdSet-437F32CF,1,Anuncio-D93BAE53,1,513.0,14250,285,14,0,1641,8213,0,4,480.0,video_thruplay_watched_actions,984,default,0.52134146
2026-06-21,Meta Ads,Cliente-1301E036,1,Campanha-942DC529,1,AdSet-20AD549D,1,Anuncio-5488E69D,1,69.6,2940,58,3,0,342,2623,0,1,120.0,video_thruplay_watched_actions,205,default,0.33951220
2026-06-21,Meta Ads,Cliente-1301E036,1,Campanha-942DC529,1,AdSet-33DED8F4,1,Anuncio-E2BBB95C,1,127.2,5342,106,5,0,510,3102,0,1,120.0,video_thruplay_watched_actions,306,default,0.41568627
2026-06-21,Meta Ads,Cliente-1301E036,1,Campanha-A1087A42,1,AdSet-3F3A9FAC,1,Anuncio-08CD3708,1,90.75,6054,121,6,0,2684,4577,0,2,240.0,video_thruplay_watched_actions,1610,default,0.05636646
2026-06-21,Meta Ads,Cliente-1301E036,1,Campanha-A1087A42,1,AdSet-3F3A9FAC,1,Anuncio-19D03D54,1,72.5,14512,290,14,0,4887,10052,0,4,480.0,video_thruplay_watched_actions,2932,default,0.02472715
2026-06-21,Meta Ads,Cliente-1301E036,1,Campanha-A1087A42,1,AdSet-3F3A9FAC,1,Anuncio-1F0B0200,1,125.1,13937,278,14,0,6076,12391,0,4,480.0,video_thruplay_watched_actions,3645,default,0.03432099
2026-06-21,Meta Ads,Cliente-1301E036,1,Campanha-A1087A42,1,AdSet-3F3A9FAC,1,Anuncio-C512F752,1,121.2,10113,202,10,0,1003,6046,0,3,360.0,video_thruplay_watched_actions,601,default,0.20166389
2026-06-21,Meta Ads,Cliente-1301E036,1,Campanha-BAA2D61A,1,AdSet-F8D81242,1,Anuncio-9E8F58AB,1,340.8,7147,142,7,0,2109,6376,0,2,240.0,video_thruplay_watched_actions,1265,default,0.26940711
2026-06-21,Meta Ads,Cliente-6ED105CA,1,Campanha-409E3907,1,AdSet-3E655550,1,Anuncio-0888DFA2,1,250.8,5727,114,6,0,626,4958,0,2,240.0,video_thruplay_watched_actions,375,default,0.66880000
2026-06-21,Meta Ads,Cliente-6ED105CA,1,Campanha-86298F91,1,AdSet-D6A72598,1,Anuncio-09915A4E,1,311.0,15597,311,16,0,6775,10562,0,5,600.0,video_thruplay_watched_actions,4065,default,0.07650677
2026-06-21,Meta Ads,Cliente-8595A0B1,2,Campanha-026778BE,1,AdSet-C451AA6E,1,Anuncio-E5CAFB1B,1,46.2,1414,28,1,0,474,810,0,0,0.0,actions:offsite_conversion.fb_pixel_lead,1,default,46.20000000
2026-06-21,Meta Ads,Cliente-8595A0B1,2,Campanha-6C8B5548,1,AdSet-38FD9C4C,1,Anuncio-850EF202,1,295.0,5923,118,6,0,725,4905,0,2,240.0,actions:offsite_conversion.fb_pixel_lead,6,default,49.16666667
2026-06-21,Meta Ads,Cliente-8595A0B1,2,Campanha-6C8B5548,1,AdSet-D113B19A,1,Anuncio-A30083A9,1,700.0,14010,280,14,0,3941,10836,0,4,480.0,actions:offsite_conversion.fb_pixel_lead,14,default,50.00000000
2026-06-21,Meta Ads,Cliente-8595A0B1,2,Campanha-7435AF3B,1,AdSet-A9531AD0,1,Anuncio-E32DE258,1,40.0,2036,40,2,0,210,1264,0,0,0.0,actions:offsite_conversion.fb_pixel_lead,2,default,20.00000000
2026-06-21,Meta Ads,Cliente-8595A0B1,2,Campanha-7435AF3B,1,AdSet-AB8B0426,1,Anuncio-DA061972,1,41.0,2061,41,2,0,411,1837,0,0,0.0,actions:offsite_conversion.fb_pixel_lead,2,default,20.50000000
2026-06-21,Meta Ads,Cliente-8595A0B1,2,Campanha-80EA63AC,1,AdSet-839FE6F8,1,Anuncio-54AD6415,1,140.0,14038,280,14,0,2842,9311,0,4,480.0,actions:offsite_conversion.fb_pixel_lead,14,default,10.00000000
2026-06-21,Meta Ads,Cliente-8595A0B1,2,Campanha-80EA63AC,1,AdSet-839FE6F8,1,Anuncio-763D8A88,1,158.4,8816,176,9,0,2261,6663,0,3,360.0,actions:offsite_conversion.fb_pixel_lead,9,default,17.60000000
2026-06-21,Meta Ads,Cliente-8595A0B1,2,Campanha-80EA63AC,1,AdSet-839FE6F8,1,Anuncio-F7564EEF,1,24.4,6117,122,6,0,2745,3421,0,2,240.0,actions:offsite_conversion.fb_pixel_lead,6,default,4.06666667
2026-06-21,Meta Ads,Cliente-8595A0B1,2,Campanha-ACFE35BB,1,AdSet-909F3F76,1,Anuncio-B55D4254,1,45.0,1501,30,2,0,320,1051,0,0,0.0,actions:offsite_conversion.fb_pixel_lead,2,default,22.50000000
2026-06-21,Meta Ads,Cliente-8595A0B1,2,Campanha-D03279CF,1,AdSet-4B62792C,1,Anuncio-2CF462B1,1,520.0,13012,260,13,0,1049,7235,0,4,480.0,actions:offsite_conversion.fb_pixel_lead,13,default,40.00000000
2026-06-21,Meta Ads,Cliente-8595A0B1,2,Campanha-D03279CF,1,AdSet-5DC66742,1,Anuncio-6D0AB7AE,1,228.0,5704,114,6,0,1118,4869,0,2,240.0,actions:offsite_conversion.fb_pixel_lead,6,default,38.00000000
2026-06-21,Meta Ads,Cliente-8595A0B1,2,Campanha-D4F4B6F7,1,AdSet-6CA8CD14,1,Anuncio-DEF80DD8,1,45.6,1901,38,0,0,713,1387,0,0,0.0,actions:offsite_conversion.fb_pixel_lead,0,,
2026-06-21,Meta Ads,Cliente-8595A0B1,2,Campanha-D4F4B6F7,1,AdSet-B1087453,1,Anuncio-32A606B5,1,30.0,1266,25,0,0,323,746,0,0,0.0,actions:offsite_conversion.fb_pixel_lead,0,,
2026-06-21,Meta Ads,Cliente-AD42A32D,1,Campanha-1605BED1,1,AdSet-F891FAAE,1,Anuncio-2634260D,1,295.2,12317,246,12,0,1690,9814,0,4,480.0,,,,
2026-06-21,Meta Ads,Cliente-AD42A32D,1,Campanha-1605BED1,1,AdSet-F891FAAE,1,Anuncio-293DED4C,2,124.4,15574,311,16,0,5366,8964,0,5,600.0,,,,
2026-06-21,Meta Ads,Cliente-AD42A32D,1,Campanha-1605BED1,1,AdSet-F891FAAE,1,Anuncio-4EC6EBAA,1,117.0,6503,130,6,0,2115,3868,0,2,240.0,,,,
2026-06-21,Meta Ads,Cliente-AD42A32D,1,Campanha-16CF835F,1,AdSet-4A6E7F00,1,Anuncio-ACD3E146,1,696.8,13436,268,13,0,5621,10117,0,4,480.0,,,,
2026-06-21,Meta Ads,Cliente-AD42A32D,1,Campanha-16CF835F,1,AdSet-6272CAA6,1,Anuncio-A274723C,1,475.8,9194,183,9,0,1725,6712,0,3,360.0,,,,
2026-06-21,Meta Ads,Cliente-AD42A32D,1,Campanha-78D97BE5,1,AdSet-ECF361B8,1,Anuncio-89F19D87,1,131.6,4701,94,5,0,1233,4020,0,1,120.0,,,,
2026-06-21,Meta Ads,Cliente-AD42A32D,1,Campanha-820B11BE,1,AdSet-9AF72A34,1,Anuncio-74975EB1,1,190.0,4772,95,5,0,1247,3339,0,1,120.0,,,,
2026-06-21,Meta Ads,Cliente-AD42A32D,1,Campanha-820B11BE,1,AdSet-EBF937FB,1,Anuncio-C6C8C9C1,1,54.0,1384,27,1,0,594,816,0,0,0.0,,,,
2026-06-22,Google Ads,Cliente-474CCCE3,1,Campanha-29ECA028,1,AdSet-32A0CF45,1,Anuncio-2FF839A3,1,776.0,19434,388,19.4,2328.0,44,0,0,0,0,,,,
2026-06-22,Google Ads,Cliente-474CCCE3,1,Campanha-29ECA028,1,AdSet-32A0CF45,1,Anuncio-9C010327,1,314.0,15708,314,15.7,1884.0,857,0,0,0,0,,,,
2026-06-22,Google Ads,Cliente-474CCCE3,1,Campanha-29ECA028,1,AdSet-32A0CF45,1,Anuncio-A76D1B5E,1,169.5,5675,113,5.65,678.0,153,0,0,0,0,,,,
2026-06-22,Google Ads,Cliente-474CCCE3,1,Campanha-6E08A848,1,AdSet-CEC81128,1,Anuncio-3F3F9234,1,925.0,18548,370,18.5,2220.0,599,0,0,0,0,,,,
2026-06-22,Google Ads,Cliente-474CCCE3,1,Campanha-6E08A848,1,AdSet-D35341B0,1,Anuncio-FC062A4B,1,82.5,1681,33,1.65,198.0,22,0,0,0,0,,,,
2026-06-22,Google Ads,Cliente-474CCCE3,1,Campanha-729BD069,1,AdSet-79BE6F30,1,Anuncio-4CF83B7A,1,356.2,13705,274,13.7,1644.0,760,0,0,0,0,,,,
2026-06-22,Google Ads,Cliente-474CCCE3,1,Campanha-729BD069,1,AdSet-79BE6F30,1,Anuncio-6B4F96B4,1,149.0,7470,149,7.45,894.0,371,0,0,0,0,,,,
2026-06-22,Google Ads,Cliente-474CCCE3,1,Campanha-729BD069,1,AdSet-79BE6F30,1,Anuncio-B452532A,1,526.4,16457,329,16.45,1974.0,642,0,0,0,0,,,,
2026-06-22,Google Ads,Cliente-474CCCE3,1,Campanha-729BD069,1,AdSet-79BE6F30,1,Anuncio-EB7DCF15,1,90.8,11374,227,11.35,1362.0,175,0,0,0,0,,,,
2026-06-22,Google Ads,Cliente-474CCCE3,1,Campanha-AB3864A1,1,AdSet-5D96CA07,1,Anuncio-44D65130,1,280.0,7038,140,7.0,840.0,6,0,0,0,0,,,,
2026-06-22,Google Ads,Cliente-474CCCE3,1,Campanha-AB3864A1,1,AdSet-B4166F22,1,Anuncio-B8431021,1,784.0,19636,392,19.6,2352.0,312,0,0,0,0,,,,
2026-06-22,Google Ads,Cliente-474CCCE3,1,Campanha-EEA08F81,2,AdSet-21817692,1,Anuncio-1F2C3323,1,80.8,20232,404,20.2,2424.0,430,0,0,0,0,,,,
2026-06-22,Google Ads,Cliente-474CCCE3,1,Campanha-EEA08F81,2,AdSet-21817692,1,Anuncio-97F07160,1,107.2,13440,268,13.4,1608.0,215,0,0,0,0,,,,
2026-06-22,Google Ads,Cliente-474CCCE3,1,Campanha-EEA08F81,2,AdSet-39668F5E,1,Anuncio-2140A52E,1,119.4,9979,199,9.95,1194.0,35,0,0,0,0,,,,
2026-06-22,Google Ads,Cliente-474CCCE3,1,Campanha-EEA08F81,2,AdSet-39668F5E,1,Anuncio-2CD4E792,2,70.4,4445,88,4.4,528.0,155,0,0,0,0,,,,
2026-06-22,Google Ads,Cliente-540F1743,1,Campanha-5FB26883,1,AdSet-75A9934D,1,Anuncio-0BD68F17,1,0.0,12989,259,12.95,1554.0,106,0,0,0,0,,,,
2026-06-22,Google Ads,Cliente-540F1743,1,Campanha-5FB26883,1,AdSet-C9396344,1,Anuncio-71058119,1,0.0,15615,312,15.6,1872.0,632,0,0,0,0,,,,
2026-06-22,Google Ads,Cliente-540F1743,1,Campanha-6279950B,1,AdSet-818EA13C,1,Anuncio-2696D408,1,60.8,1647,32,1.6,192.0,58,0,0,0,0,,,,
2026-06-22,Google Ads,Cliente-540F1743,1,Campanha-6279950B,1,AdSet-EA6C5DBD,1,Anuncio-B9B3D44A,1,532.0,14047,280,14.0,1680.0,538,0,0,0,0,,,,
2026-06-22,Google Ads,Cliente-540F1743,1,Campanha-C4346965,1,AdSet-A39E8884,1,Anuncio-3F957FCA,1,92.4,4240,84,4.2,504.0,140,0,0,0,0,,,,
2026-06-22,Google Ads,Cliente-540F1743,1,Campanha-C4346965,1,AdSet-DDA1CAB0,1,Anuncio-E33942DA,1,63.8,2924,58,2.9,348.0,102,0,0,0,0,,,,
2026-06-22,Meta Ads,Cliente-0D954560,1,Campanha-C132C431,1,AdSet-0E701B9C,1,Anuncio-B54E991E,1,120.9,4685,93,5,0,1506,3351,0,1,120.0,actions:offsite_conversion.fb_pixel_lead,5,default,24.18000000
2026-06-22,Meta Ads,Cliente-0D954560,1,Campanha-C132C431,1,AdSet-FD8E452C,1,Anuncio-281BA058,1,245.7,9474,189,9,0,2343,6515,0,3,360.0,actions:offsite_conversion.fb_pixel_lead,9,default,27.30000000
2026-06-22,Meta Ads,Cliente-0D954560,1,Campanha-E2C66194,2,AdSet-78ECC024,1,Anuncio-1BA82A24,1,128.7,5851,117,0,0,1218,3246,0,0,0.0,,,,
2026-06-22,Meta Ads,Cliente-0D954560,1,Campanha-E2C66194,2,AdSet-F3818FF2,1,Anuncio-1039A314,1,161.7,7382,147,0,0,1563,4252,0,0,0.0,,,,
2026-06-22,Meta Ads,Cliente-1301E036,1,Campanha-5AA632F6,1,AdSet-437F32CF,1,Anuncio-D93BAE53,1,741.6,20629,412,21,0,3526,12757,0,7,840.0,video_thruplay_watched_actions,2115,default,0.35063830
2026-06-22,Meta Ads,Cliente-1301E036,1,Campanha-942DC529,1,AdSet-20AD549D,1,Anuncio-5488E69D,1,196.8,8216,164,8,0,1692,5753,0,2,240.0,video_thruplay_watched_actions,1015,default,0.19389163
2026-06-22,Meta Ads,Cliente-1301E036,1,Campanha-942DC529,1,AdSet-33DED8F4,1,Anuncio-E2BBB95C,1,487.2,20339,406,20,0,6093,16624,0,7,840.0,video_thruplay_watched_actions,3655,default,0.13329685
2026-06-22,Meta Ads,Cliente-1301E036,1,Campanha-A1087A42,1,AdSet-3F3A9FAC,1,Anuncio-08CD3708,1,80.25,5393,107,5,0,2087,4219,0,1,120.0,video_thruplay_watched_actions,1252,default,0.06409744
2026-06-22,Meta Ads,Cliente-1301E036,1,Campanha-A1087A42,1,AdSet-3F3A9FAC,1,Anuncio-19D03D54,1,117.0,23415,468,23,0,6664,15489,0,8,960.0,video_thruplay_watched_actions,3998,default,0.02926463
2026-06-22,Meta Ads,Cliente-1301E036,1,Campanha-A1087A42,1,AdSet-3F3A9FAC,1,Anuncio-1F0B0200,1,31.05,3494,69,3,0,967,2067,0,1,120.0,video_thruplay_watched_actions,580,default,0.05353448
2026-06-22,Meta Ads,Cliente-1301E036,1,Campanha-A1087A42,1,AdSet-3F3A9FAC,1,Anuncio-92C2AD5A,1,332.5,17542,350,18,0,1803,11368,0,6,720.0,video_thruplay_watched_actions,1081,default,0.30758557
2026-06-22,Meta Ads,Cliente-1301E036,1,Campanha-A1087A42,1,AdSet-3F3A9FAC,1,Anuncio-C512F752,1,98.4,8243,164,8,0,2982,6703,0,2,240.0,video_thruplay_watched_actions,1789,default,0.05500279
2026-06-22,Meta Ads,Cliente-1301E036,1,Campanha-BAA2D61A,1,AdSet-21718E81,1,Anuncio-7E3C39EB,1,432.0,9020,180,9,0,2662,7946,0,3,360.0,video_thruplay_watched_actions,1597,default,0.27050720
2026-06-22,Meta Ads,Cliente-1301E036,1,Campanha-BAA2D61A,1,AdSet-F8D81242,1,Anuncio-9E8F58AB,1,600.0,12539,250,12,0,1830,7076,0,4,480.0,video_thruplay_watched_actions,1098,default,0.54644809
2026-06-22,Meta Ads,Cliente-6ED105CA,1,Campanha-409E3907,1,AdSet-3E655550,1,Anuncio-0888DFA2,1,94.6,2162,43,2,0,263,1350,0,0,0.0,video_thruplay_watched_actions,157,default,0.60254777
2026-06-22,Meta Ads,Cliente-6ED105CA,1,Campanha-86298F91,1,AdSet-1CAEFB1E,1,Anuncio-52861658,1,301.0,15078,301,15,0,3898,11803,0,5,600.0,video_thruplay_watched_actions,2338,default,0.12874251
2026-06-22,Meta Ads,Cliente-6ED105CA,1,Campanha-86298F91,1,AdSet-D6A72598,1,Anuncio-09915A4E,1,254.0,12704,254,13,0,5452,8211,0,4,480.0,video_thruplay_watched_actions,3271,default,0.07765209
2026-06-22,Meta Ads,Cliente-8595A0B1,2,Campanha-026778BE,1,AdSet-C451AA6E,1,Anuncio-E5CAFB1B,1,186.45,5693,113,6,0,1767,3448,0,2,240.0,actions:offsite_conversion.fb_pixel_lead,6,default,31.07500000
2026-06-22,Meta Ads,Cliente-8595A0B1,2,Campanha-026778BE,1,AdSet-E02677A8,1,Anuncio-6A27FA82,1,499.95,15198,303,15,0,2795,11734,0,5,600.0,actions:offsite_conversion.fb_pixel_lead,15,default,33.33000000
2026-06-22,Meta Ads,Cliente-8595A0B1,2,Campanha-6C8B5548,1,AdSet-38FD9C4C,1,Anuncio-850EF202,1,182.5,3654,73,4,0,1331,3179,0,1,120.0,actions:offsite_conversion.fb_pixel_lead,4,default,45.62500000
2026-06-22,Meta Ads,Cliente-8595A0B1,2,Campanha-6C8B5548,1,AdSet-D113B19A,1,Anuncio-A30083A9,1,670.0,13426,268,13,0,4048,11569,0,4,480.0,actions:offsite_conversion.fb_pixel_lead,13,default,51.53846154
2026-06-22,Meta Ads,Cliente-8595A0B1,2,Campanha-7435AF3B,1,AdSet-AB8B0426,1,Anuncio-DA061972,1,257.0,12892,257,13,0,2905,8956,0,4,480.0,actions:offsite_conversion.fb_pixel_lead,13,default,19.76923077
2026-06-22,Meta Ads,Cliente-8595A0B1,2,Campanha-80EA63AC,1,AdSet-839FE6F8,1,Anuncio-54AD6415,1,145.0,14514,290,14,0,4985,12138,0,4,480.0,actions:offsite_conversion.fb_pixel_lead,14,default,10.35714286
2026-06-22,Meta Ads,Cliente-8595A0B1,2,Campanha-80EA63AC,1,AdSet-839FE6F8,1,Anuncio-F7564EEF,1,10.2,2589,51,3,0,629,1876,0,1,120.0,actions:offsite_conversion.fb_pixel_lead,3,default,3.40000000
2026-06-22,Meta Ads,Cliente-8595A0B1,2,Campanha-ACFE35BB,1,AdSet-2FA08C4F,1,Anuncio-2FCC58DA,1,712.5,23777,475,24,0,5547,15631,0,8,960.0,actions:offsite_conversion.fb_pixel_lead,24,default,29.68750000
2026-06-22,Meta Ads,Cliente-8595A0B1,2,Campanha-ACFE35BB,1,AdSet-909F3F76,1,Anuncio-B55D4254,1,61.5,2089,41,2,0,467,1551,0,0,0.0,actions:offsite_conversion.fb_pixel_lead,2,default,30.75000000
2026-06-22,Meta Ads,Cliente-8595A0B1,2,Campanha-D03279CF,1,AdSet-4B62792C,1,Anuncio-2CF462B1,1,604.0,15149,302,15,0,2529,13162,0,5,600.0,actions:offsite_conversion.fb_pixel_lead,15,default,40.26666667
2026-06-22,Meta Ads,Cliente-8595A0B1,2,Campanha-D03279CF,1,AdSet-5DC66742,1,Anuncio-6D0AB7AE,1,390.0,9760,195,10,0,3074,7894,0,3,360.0,actions:offsite_conversion.fb_pixel_lead,10,default,39.00000000
2026-06-22,Meta Ads,Cliente-8595A0B1,2,Campanha-D4F4B6F7,1,AdSet-6CA8CD14,1,Anuncio-DEF80DD8,1,64.8,2703,54,0,0,676,1728,0,0,0.0,actions:offsite_conversion.fb_pixel_lead,0,,
2026-06-22,Meta Ads,Cliente-8595A0B1,2,Campanha-D4F4B6F7,1,AdSet-B1087453,1,Anuncio-32A606B5,1,73.2,3059,61,0,0,1344,1809,0,0,0.0,actions:offsite_conversion.fb_pixel_lead,0,,
2026-06-22,Meta Ads,Cliente-AD42A32D,1,Campanha-1605BED1,1,AdSet-F891FAAE,1,Anuncio-2634260D,1,448.8,18715,374,19,0,4696,13842,0,6,720.0,,,,
2026-06-22,Meta Ads,Cliente-AD42A32D,1,Campanha-1605BED1,1,AdSet-F891FAAE,1,Anuncio-293DED4C,2,52.8,6602,132,7,0,2346,5804,0,2,240.0,,,,
2026-06-22,Meta Ads,Cliente-AD42A32D,1,Campanha-1605BED1,1,AdSet-F891FAAE,1,Anuncio-4EC6EBAA,1,197.1,10956,219,11,0,2914,8834,0,3,360.0,,,,
2026-06-22,Meta Ads,Cliente-AD42A32D,1,Campanha-1605BED1,1,AdSet-F891FAAE,1,Anuncio-E9DCB443,1,51.1,3677,73,4,0,1116,2457,0,1,120.0,,,,
2026-06-22,Meta Ads,Cliente-AD42A32D,1,Campanha-16CF835F,1,AdSet-4A6E7F00,1,Anuncio-ACD3E146,1,1128.4,21741,434,22,0,4689,13722,0,7,840.0,,,,
2026-06-22,Meta Ads,Cliente-AD42A32D,1,Campanha-16CF835F,1,AdSet-6272CAA6,1,Anuncio-A274723C,1,1058.2,20399,407,20,0,7730,18253,0,7,840.0,,,,
2026-06-22,Meta Ads,Cliente-AD42A32D,1,Campanha-78D97BE5,1,AdSet-2C3F076D,1,Anuncio-AE1F9355,1,172.2,6176,123,6,0,887,3715,0,2,240.0,,,,
2026-06-22,Meta Ads,Cliente-AD42A32D,1,Campanha-820B11BE,1,AdSet-EBF937FB,1,Anuncio-C6C8C9C1,1,150.0,3770,75,4,0,469,2817,0,1,120.0,,,,
2026-06-23,Google Ads,Cliente-474CCCE3,1,Campanha-29ECA028,1,AdSet-32A0CF45,1,Anuncio-2FF839A3,1,448.0,11204,224,11.2,1344.0,466,0,0,0,0,,,,
2026-06-23,Google Ads,Cliente-474CCCE3,1,Campanha-29ECA028,1,AdSet-32A0CF45,1,Anuncio-9C010327,1,187.0,9375,187,9.35,1122.0,513,0,0,0,0,,,,
2026-06-23,Google Ads,Cliente-474CCCE3,1,Campanha-29ECA028,1,AdSet-32A0CF45,1,Anuncio-A76D1B5E,1,612.0,20410,408,20.4,2448.0,335,0,0,0,0,,,,
2026-06-23,Google Ads,Cliente-474CCCE3,1,Campanha-6E08A848,1,AdSet-CEC81128,1,Anuncio-3F3F9234,1,595.0,11926,238,11.9,1428.0,27,0,0,0,0,,,,
2026-06-23,Google Ads,Cliente-474CCCE3,1,Campanha-6E08A848,1,AdSet-D35341B0,1,Anuncio-FC062A4B,1,985.0,19721,394,19.7,2364.0,1035,0,0,0,0,,,,
2026-06-23,Google Ads,Cliente-474CCCE3,1,Campanha-729BD069,1,AdSet-79BE6F30,1,Anuncio-4CF83B7A,1,431.6,16644,332,16.6,1992.0,364,0,0,0,0,,,,
2026-06-23,Google Ads,Cliente-474CCCE3,1,Campanha-729BD069,1,AdSet-79BE6F30,1,Anuncio-6B4F96B4,1,138.0,6906,138,6.9,828.0,153,0,0,0,0,,,,
2026-06-23,Google Ads,Cliente-474CCCE3,1,Campanha-729BD069,1,AdSet-79BE6F30,1,Anuncio-EB7DCF15,1,118.4,14846,296,14.8,1776.0,126,0,0,0,0,,,,
2026-06-23,Google Ads,Cliente-474CCCE3,1,Campanha-AB3864A1,1,AdSet-5D96CA07,1,Anuncio-44D65130,1,530.0,13297,265,13.25,1590.0,285,0,0,0,0,,,,
2026-06-23,Google Ads,Cliente-474CCCE3,1,Campanha-AB3864A1,1,AdSet-B4166F22,1,Anuncio-B8431021,1,112.0,2802,56,2.8,336.0,56,0,0,0,0,,,,
2026-06-23,Google Ads,Cliente-474CCCE3,1,Campanha-EEA08F81,2,AdSet-21817692,1,Anuncio-1F2C3323,1,37.6,9411,188,9.4,1128.0,547,0,0,0,0,,,,
2026-06-23,Google Ads,Cliente-474CCCE3,1,Campanha-EEA08F81,2,AdSet-21817692,1,Anuncio-97F07160,1,39.6,4955,99,4.95,594.0,207,0,0,0,0,,,,
2026-06-23,Google Ads,Cliente-474CCCE3,1,Campanha-EEA08F81,2,AdSet-39668F5E,1,Anuncio-2140A52E,1,28.2,2395,47,2.35,282.0,18,0,0,0,0,,,,
2026-06-23,Google Ads,Cliente-474CCCE3,1,Campanha-EEA08F81,2,AdSet-39668F5E,1,Anuncio-2CD4E792,2,150.4,9428,188,9.4,1128.0,539,0,0,0,0,,,,
2026-06-23,Google Ads,Cliente-540F1743,1,Campanha-5FB26883,1,AdSet-75A9934D,1,Anuncio-0BD68F17,1,0.0,2318,46,2.3,276.0,41,0,0,0,0,,,,
2026-06-23,Google Ads,Cliente-540F1743,1,Campanha-5FB26883,1,AdSet-C9396344,1,Anuncio-71058119,1,0.0,8536,170,8.5,1020.0,35,0,0,0,0,,,,
2026-06-23,Google Ads,Cliente-540F1743,1,Campanha-6279950B,1,AdSet-818EA13C,1,Anuncio-2696D408,1,347.7,9150,183,9.15,1098.0,87,0,0,0,0,,,,
2026-06-23,Google Ads,Cliente-540F1743,1,Campanha-6279950B,1,AdSet-EA6C5DBD,1,Anuncio-B9B3D44A,1,79.8,2102,42,2.1,252.0,40,0,0,0,0,,,,
2026-06-23,Google Ads,Cliente-540F1743,1,Campanha-C4346965,1,AdSet-DDA1CAB0,1,Anuncio-E33942DA,1,205.7,9351,187,9.35,1122.0,85,0,0,0,0,,,,
2026-06-23,Meta Ads,Cliente-0D954560,1,Campanha-C132C431,1,AdSet-0E701B9C,1,Anuncio-B54E991E,1,334.1,12890,257,13,0,5203,9796,0,4,480.0,actions:offsite_conversion.fb_pixel_lead,13,default,25.70000000
2026-06-23,Meta Ads,Cliente-0D954560,1,Campanha-C132C431,1,AdSet-FD8E452C,1,Anuncio-281BA058,1,163.8,6302,126,6,0,1299,3643,0,2,240.0,actions:offsite_conversion.fb_pixel_lead,6,default,27.30000000
2026-06-23,Meta Ads,Cliente-0D954560,1,Campanha-E2C66194,2,AdSet-78ECC024,1,Anuncio-1BA82A24,1,403.7,18365,367,0,0,7241,10385,0,0,0.0,,,,
2026-06-23,Meta Ads,Cliente-0D954560,1,Campanha-E2C66194,2,AdSet-F3818FF2,1,Anuncio-1039A314,1,360.8,16406,328,0,0,1518,10610,0,0,0.0,,,,
2026-06-23,Meta Ads,Cliente-1301E036,1,Campanha-5AA632F6,1,AdSet-15C3C269,1,Anuncio-6C40FF24,1,657.0,18291,365,18,0,4970,11886,0,6,720.0,video_thruplay_watched_actions,2982,default,0.22032193
2026-06-23,Meta Ads,Cliente-1301E036,1,Campanha-5AA632F6,1,AdSet-437F32CF,1,Anuncio-D93BAE53,1,599.4,16694,333,17,0,4488,12886,0,5,600.0,video_thruplay_watched_actions,2692,default,0.22265973
2026-06-23,Meta Ads,Cliente-1301E036,1,Campanha-942DC529,1,AdSet-20AD549D,1,Anuncio-5488E69D,1,54.0,2278,45,2,0,614,1911,0,0,0.0,video_thruplay_watched_actions,368,default,0.14673913
2026-06-23,Meta Ads,Cliente-1301E036,1,Campanha-942DC529,1,AdSet-33DED8F4,1,Anuncio-E2BBB95C,1,415.2,17347,346,17,0,7457,12664,0,5,600.0,video_thruplay_watched_actions,4474,default,0.09280286
2026-06-23,Meta Ads,Cliente-1301E036,1,Campanha-A1087A42,1,AdSet-3F3A9FAC,1,Anuncio-08CD3708,1,370.5,24719,494,25,0,5822,18712,0,8,960.0,video_thruplay_watched_actions,3493,default,0.10606928
2026-06-23,Meta Ads,Cliente-1301E036,1,Campanha-A1087A42,1,AdSet-3F3A9FAC,1,Anuncio-19D03D54,1,82.0,16440,328,16,0,3732,10746,0,5,600.0,video_thruplay_watched_actions,2239,default,0.03662349
2026-06-23,Meta Ads,Cliente-1301E036,1,Campanha-A1087A42,1,AdSet-3F3A9FAC,1,Anuncio-1F0B0200,1,46.8,5223,104,5,0,610,3078,0,1,120.0,video_thruplay_watched_actions,366,default,0.12786885
2026-06-23,Meta Ads,Cliente-1301E036,1,Campanha-A1087A42,1,AdSet-3F3A9FAC,1,Anuncio-C512F752,1,115.8,9654,193,10,0,1005,7002,0,3,360.0,video_thruplay_watched_actions,603,default,0.19203980
2026-06-23,Meta Ads,Cliente-1301E036,1,Campanha-BAA2D61A,1,AdSet-21718E81,1,Anuncio-7E3C39EB,1,60.0,1266,25,1,0,417,928,0,0,0.0,video_thruplay_watched_actions,250,default,0.24000000
2026-06-23,Meta Ads,Cliente-1301E036,1,Campanha-BAA2D61A,1,AdSet-F8D81242,1,Anuncio-9E8F58AB,1,290.4,6065,121,6,0,2005,3408,0,2,240.0,video_thruplay_watched_actions,1203,default,0.24139651
2026-06-23,Meta Ads,Cliente-6ED105CA,1,Campanha-409E3907,1,AdSet-3E655550,1,Anuncio-0888DFA2,1,569.8,12955,259,13,0,5106,11032,0,4,480.0,video_thruplay_watched_actions,3063,default,0.18602677
2026-06-23,Meta Ads,Cliente-6ED105CA,1,Campanha-409E3907,1,AdSet-DC1F642E,1,Anuncio-AD28A55D,1,235.4,5368,107,5,0,1955,3915,0,1,120.0,video_thruplay_watched_actions,1173,default,0.20068201
2026-06-23,Meta Ads,Cliente-6ED105CA,1,Campanha-86298F91,1,AdSet-D6A72598,1,Anuncio-09915A4E,1,364.0,18204,364,18,0,6486,15818,0,6,720.0,video_thruplay_watched_actions,3891,default,0.09354922
2026-06-23,Meta Ads,Cliente-8595A0B1,2,Campanha-026778BE,1,AdSet-C451AA6E,1,Anuncio-E5CAFB1B,1,87.45,2665,53,3,0,1063,1553,0,1,120.0,actions:offsite_conversion.fb_pixel_lead,3,default,29.15000000
2026-06-23,Meta Ads,Cliente-8595A0B1,2,Campanha-026778BE,1,AdSet-E02677A8,1,Anuncio-6A27FA82,1,567.6,17232,344,17,0,2476,14749,0,5,600.0,actions:offsite_conversion.fb_pixel_lead,17,default,33.38823529
2026-06-23,Meta Ads,Cliente-8595A0B1,2,Campanha-6C8B5548,1,AdSet-38FD9C4C,1,Anuncio-850EF202,1,660.0,13248,264,13,0,1385,10810,0,4,480.0,actions:offsite_conversion.fb_pixel_lead,13,default,50.76923077
2026-06-23,Meta Ads,Cliente-8595A0B1,2,Campanha-6C8B5548,1,AdSet-D113B19A,1,Anuncio-A30083A9,1,855.0,17140,342,17,0,2124,12378,0,5,600.0,actions:offsite_conversion.fb_pixel_lead,17,default,50.29411765
2026-06-23,Meta Ads,Cliente-8595A0B1,2,Campanha-7435AF3B,1,AdSet-A9531AD0,1,Anuncio-E32DE258,1,478.0,23946,478,24,0,9172,13377,0,8,960.0,actions:offsite_conversion.fb_pixel_lead,24,default,19.91666667
2026-06-23,Meta Ads,Cliente-8595A0B1,2,Campanha-7435AF3B,1,AdSet-AB8B0426,1,Anuncio-DA061972,1,47.0,2364,47,2,0,617,1910,0,0,0.0,actions:offsite_conversion.fb_pixel_lead,2,default,23.50000000
2026-06-23,Meta Ads,Cliente-8595A0B1,2,Campanha-80EA63AC,1,AdSet-839FE6F8,1,Anuncio-54AD6415,1,32.5,3296,65,3,0,1016,2885,0,1,120.0,actions:offsite_conversion.fb_pixel_lead,3,default,10.83333333
2026-06-23,Meta Ads,Cliente-8595A0B1,2,Campanha-80EA63AC,1,AdSet-839FE6F8,1,Anuncio-763D8A88,1,295.2,16437,328,16,0,4406,12630,0,5,600.0,actions:offsite_conversion.fb_pixel_lead,16,default,18.45000000
2026-06-23,Meta Ads,Cliente-8595A0B1,2,Campanha-80EA63AC,1,AdSet-839FE6F8,1,Anuncio-F7564EEF,1,23.2,5804,116,6,0,2321,4005,0,2,240.0,actions:offsite_conversion.fb_pixel_lead,6,default,3.86666667
2026-06-23,Meta Ads,Cliente-8595A0B1,2,Campanha-ACFE35BB,1,AdSet-909F3F76,1,Anuncio-B55D4254,1,379.5,12658,253,13,0,3487,8319,0,4,480.0,actions:offsite_conversion.fb_pixel_lead,13,default,29.19230769
2026-06-23,Meta Ads,Cliente-8595A0B1,2,Campanha-D03279CF,1,AdSet-4B62792C,1,Anuncio-2CF462B1,1,760.0,19017,380,19,0,6011,14746,0,6,720.0,actions:offsite_conversion.fb_pixel_lead,19,default,40.00000000
2026-06-23,Meta Ads,Cliente-8595A0B1,2,Campanha-D03279CF,1,AdSet-5DC66742,1,Anuncio-6D0AB7AE,1,442.0,11080,221,11,0,3280,9960,0,3,360.0,actions:offsite_conversion.fb_pixel_lead,11,default,40.18181818
2026-06-23,Meta Ads,Cliente-8595A0B1,2,Campanha-D4F4B6F7,1,AdSet-6CA8CD14,1,Anuncio-DEF80DD8,1,44.4,1875,37,0,0,185,1313,0,0,0.0,actions:offsite_conversion.fb_pixel_lead,0,,
2026-06-23,Meta Ads,Cliente-8595A0B1,2,Campanha-D4F4B6F7,1,AdSet-B1087453,1,Anuncio-32A606B5,1,10.8,489,9,0,0,139,411,0,0,0.0,actions:offsite_conversion.fb_pixel_lead,0,,
2026-06-23,Meta Ads,Cliente-AD42A32D,1,Campanha-1605BED1,1,AdSet-F891FAAE,1,Anuncio-2634260D,1,200.4,8383,167,8,0,2876,5359,0,2,240.0,,,,
2026-06-23,Meta Ads,Cliente-AD42A32D,1,Campanha-1605BED1,1,AdSet-F891FAAE,1,Anuncio-293DED4C,2,107.2,13436,268,13,0,4345,9655,0,4,480.0,,,,
2026-06-23,Meta Ads,Cliente-AD42A32D,1,Campanha-1605BED1,1,AdSet-F891FAAE,1,Anuncio-E9DCB443,1,112.7,8059,161,8,0,1396,4919,0,2,240.0,,,,
2026-06-23,Meta Ads,Cliente-AD42A32D,1,Campanha-16CF835F,1,AdSet-4A6E7F00,1,Anuncio-ACD3E146,1,665.6,12818,256,13,0,2911,7589,0,4,480.0,,,,
2026-06-23,Meta Ads,Cliente-AD42A32D,1,Campanha-16CF835F,1,AdSet-6272CAA6,1,Anuncio-A274723C,1,668.2,12862,257,13,0,2687,7586,0,4,480.0,,,,
2026-06-23,Meta Ads,Cliente-AD42A32D,1,Campanha-78D97BE5,1,AdSet-2C3F076D,1,Anuncio-AE1F9355,1,553.0,19751,395,20,0,4801,14564,0,7,840.0,,,,
2026-06-23,Meta Ads,Cliente-AD42A32D,1,Campanha-820B11BE,1,AdSet-9AF72A34,1,Anuncio-74975EB1,1,486.0,12171,243,12,0,4492,6902,0,4,480.0,,,,
2026-06-23,Meta Ads,Cliente-AD42A32D,1,Campanha-820B11BE,1,AdSet-EBF937FB,1,Anuncio-C6C8C9C1,1,178.0,4455,89,4,0,646,2995,0,1,120.0,,,,
2026-06-24,Google Ads,Cliente-474CCCE3,1,Campanha-29ECA028,1,AdSet-32A0CF45,1,Anuncio-2FF839A3,1,42.0,1095,21,1.05,126.0,24,0,0,0,0,,,,
2026-06-24,Google Ads,Cliente-474CCCE3,1,Campanha-29ECA028,1,AdSet-32A0CF45,1,Anuncio-9C010327,1,363.0,18161,363,18.15,2178.0,71,0,0,0,0,,,,
2026-06-24,Google Ads,Cliente-474CCCE3,1,Campanha-29ECA028,1,AdSet-32A0CF45,1,Anuncio-A76D1B5E,1,573.0,19136,382,19.1,2292.0,1083,0,0,0,0,,,,
2026-06-24,Google Ads,Cliente-474CCCE3,1,Campanha-6E08A848,1,AdSet-CEC81128,1,Anuncio-3F3F9234,1,930.0,18644,372,18.6,2232.0,808,0,0,0,0,,,,
2026-06-24,Google Ads,Cliente-474CCCE3,1,Campanha-6E08A848,1,AdSet-D35341B0,1,Anuncio-FC062A4B,1,930.0,18645,372,18.6,2232.0,145,0,0,0,0,,,,
2026-06-24,Google Ads,Cliente-474CCCE3,1,Campanha-729BD069,1,AdSet-79BE6F30,1,Anuncio-317F6C10,1,21.7,1568,31,1.55,186.0,27,0,0,0,0,,,,
2026-06-24,Google Ads,Cliente-474CCCE3,1,Campanha-729BD069,1,AdSet-79BE6F30,1,Anuncio-6B4F96B4,1,413.0,20694,413,20.65,2478.0,416,0,0,0,0,,,,
2026-06-24,Google Ads,Cliente-474CCCE3,1,Campanha-729BD069,1,AdSet-79BE6F30,1,Anuncio-B452532A,1,806.4,25219,504,25.2,3024.0,1395,0,0,0,0,,,,
2026-06-24,Google Ads,Cliente-474CCCE3,1,Campanha-729BD069,1,AdSet-79BE6F30,1,Anuncio-EB7DCF15,1,77.2,9660,193,9.65,1158.0,326,0,0,0,0,,,,
2026-06-24,Google Ads,Cliente-474CCCE3,1,Campanha-AB3864A1,1,AdSet-5D96CA07,1,Anuncio-44D65130,1,438.0,10996,219,10.95,1314.0,599,0,0,0,0,,,,
2026-06-24,Google Ads,Cliente-474CCCE3,1,Campanha-AB3864A1,1,AdSet-B4166F22,1,Anuncio-B8431021,1,530.0,13279,265,13.25,1590.0,178,0,0,0,0,,,,
2026-06-24,Google Ads,Cliente-474CCCE3,1,Campanha-EEA08F81,2,AdSet-21817692,1,Anuncio-97F07160,1,18.4,2303,46,2.3,276.0,119,0,0,0,0,,,,
2026-06-24,Google Ads,Cliente-474CCCE3,1,Campanha-EEA08F81,2,AdSet-39668F5E,1,Anuncio-2CD4E792,2,248.8,15552,311,15.55,1866.0,312,0,0,0,0,,,,
2026-06-24,Google Ads,Cliente-540F1743,1,Campanha-5FB26883,1,AdSet-75A9934D,1,Anuncio-0BD68F17,1,0.0,9069,181,9.05,1086.0,149,0,0,0,0,,,,
2026-06-24,Google Ads,Cliente-540F1743,1,Campanha-5FB26883,1,AdSet-C9396344,1,Anuncio-71058119,1,0.0,15160,303,15.15,1818.0,617,0,0,0,0,,,,
2026-06-24,Google Ads,Cliente-540F1743,1,Campanha-6279950B,1,AdSet-818EA13C,1,Anuncio-2696D408,1,102.6,2747,54,2.7,324.0,162,0,0,0,0,,,,
2026-06-24,Google Ads,Cliente-540F1743,1,Campanha-6279950B,1,AdSet-EA6C5DBD,1,Anuncio-B9B3D44A,1,402.8,10612,212,10.6,1272.0,153,0,0,0,0,,,,
2026-06-24,Google Ads,Cliente-540F1743,1,Campanha-C4346965,1,AdSet-A39E8884,1,Anuncio-3F957FCA,1,398.2,18101,362,18.1,2172.0,786,0,0,0,0,,,,
2026-06-24,Meta Ads,Cliente-0D954560,1,Campanha-C132C431,1,AdSet-0E701B9C,1,Anuncio-B54E991E,1,191.1,7354,147,7,0,1214,4505,0,2,240.0,actions:offsite_conversion.fb_pixel_lead,7,default,27.30000000
2026-06-24,Meta Ads,Cliente-0D954560,1,Campanha-C132C431,1,AdSet-FD8E452C,1,Anuncio-281BA058,1,280.8,10842,216,11,0,2347,8826,0,3,360.0,actions:offsite_conversion.fb_pixel_lead,11,default,25.52727273
2026-06-24,Meta Ads,Cliente-0D954560,1,Campanha-E2C66194,2,AdSet-78ECC024,1,Anuncio-1BA82A24,1,26.4,1207,24,0,0,159,992,0,0,0.0,,,,
2026-06-24,Meta Ads,Cliente-0D954560,1,Campanha-E2C66194,2,AdSet-F3818FF2,1,Anuncio-1039A314,1,427.9,19465,389,0,0,1703,14556,0,0,0.0,,,,
2026-06-24,Meta Ads,Cliente-1301E036,1,Campanha-5AA632F6,1,AdSet-15C3C269,1,Anuncio-6C40FF24,1,729.0,20277,405,20,0,2797,14079,0,7,840.0,video_thruplay_watched_actions,1678,default,0.43444577
2026-06-24,Meta Ads,Cliente-1301E036,1,Campanha-5AA632F6,1,AdSet-437F32CF,1,Anuncio-D93BAE53,1,343.8,9563,191,10,0,3247,5642,0,3,360.0,video_thruplay_watched_actions,1948,default,0.17648871
2026-06-24,Meta Ads,Cliente-1301E036,1,Campanha-942DC529,1,AdSet-20AD549D,1,Anuncio-5488E69D,1,80.4,3392,67,3,0,290,2366,0,1,120.0,video_thruplay_watched_actions,174,default,0.46206897
2026-06-24,Meta Ads,Cliente-1301E036,1,Campanha-942DC529,1,AdSet-33DED8F4,1,Anuncio-E2BBB95C,1,244.8,10227,204,10,0,4143,8024,0,3,360.0,video_thruplay_watched_actions,2485,default,0.09851107
2026-06-24,Meta Ads,Cliente-1301E036,1,Campanha-A1087A42,1,AdSet-3F3A9FAC,1,Anuncio-08CD3708,1,273.0,18239,364,18,0,3873,14598,0,6,720.0,video_thruplay_watched_actions,2323,default,0.11752045
2026-06-24,Meta Ads,Cliente-1301E036,1,Campanha-A1087A42,1,AdSet-3F3A9FAC,1,Anuncio-19D03D54,1,27.75,5554,111,6,0,1808,3135,0,2,240.0,video_thruplay_watched_actions,1084,default,0.02559963
2026-06-24,Meta Ads,Cliente-1301E036,1,Campanha-A1087A42,1,AdSet-3F3A9FAC,1,Anuncio-92C2AD5A,1,445.55,23490,469,23,0,7595,18187,0,8,960.0,video_thruplay_watched_actions,4557,default,0.09777266
2026-06-24,Meta Ads,Cliente-1301E036,1,Campanha-A1087A42,1,AdSet-3F3A9FAC,1,Anuncio-C512F752,1,78.6,6594,131,7,0,2922,4281,0,2,240.0,video_thruplay_watched_actions,1753,default,0.04483742
2026-06-24,Meta Ads,Cliente-1301E036,1,Campanha-BAA2D61A,1,AdSet-F8D81242,1,Anuncio-9E8F58AB,1,91.2,1934,38,2,0,412,1734,0,0,0.0,video_thruplay_watched_actions,247,default,0.36923077
2026-06-24,Meta Ads,Cliente-6ED105CA,1,Campanha-409E3907,1,AdSet-3E655550,1,Anuncio-0888DFA2,1,393.8,8976,179,9,0,1496,5353,0,3,360.0,video_thruplay_watched_actions,897,default,0.43901895
2026-06-24,Meta Ads,Cliente-6ED105CA,1,Campanha-409E3907,1,AdSet-DC1F642E,1,Anuncio-AD28A55D,1,151.8,3498,69,3,0,1009,2703,0,1,120.0,video_thruplay_watched_actions,605,default,0.25090909
2026-06-24,Meta Ads,Cliente-6ED105CA,1,Campanha-86298F91,1,AdSet-D6A72598,1,Anuncio-09915A4E,1,266.0,13317,266,13,0,4924,11896,0,4,480.0,video_thruplay_watched_actions,2954,default,0.09004739
2026-06-24,Meta Ads,Cliente-8595A0B1,2,Campanha-026778BE,1,AdSet-C451AA6E,1,Anuncio-E5CAFB1B,1,262.35,7963,159,8,0,1163,5975,0,2,240.0,actions:offsite_conversion.fb_pixel_lead,8,default,32.79375000
2026-06-24,Meta Ads,Cliente-8595A0B1,2,Campanha-026778BE,1,AdSet-E02677A8,1,Anuncio-6A27FA82,1,490.05,14867,297,15,0,1405,12801,0,5,600.0,actions:offsite_conversion.fb_pixel_lead,15,default,32.67000000
2026-06-24,Meta Ads,Cliente-8595A0B1,2,Campanha-6C8B5548,1,AdSet-38FD9C4C,1,Anuncio-850EF202,1,495.0,9946,198,10,0,1494,6519,0,3,360.0,actions:offsite_conversion.fb_pixel_lead,10,default,49.50000000
2026-06-24,Meta Ads,Cliente-8595A0B1,2,Campanha-6C8B5548,1,AdSet-D113B19A,1,Anuncio-A30083A9,1,430.0,8631,172,9,0,1558,4839,0,3,360.0,actions:offsite_conversion.fb_pixel_lead,9,default,47.77777778
2026-06-24,Meta Ads,Cliente-8595A0B1,2,Campanha-7435AF3B,1,AdSet-A9531AD0,1,Anuncio-E32DE258,1,478.0,23914,478,24,0,9662,17835,0,8,960.0,actions:offsite_conversion.fb_pixel_lead,24,default,19.91666667
2026-06-24,Meta Ads,Cliente-8595A0B1,2,Campanha-7435AF3B,1,AdSet-AB8B0426,1,Anuncio-DA061972,1,213.0,10696,213,11,0,2288,6640,0,3,360.0,actions:offsite_conversion.fb_pixel_lead,11,default,19.36363636
2026-06-24,Meta Ads,Cliente-8595A0B1,2,Campanha-80EA63AC,1,AdSet-839FE6F8,1,Anuncio-54AD6415,1,146.0,14634,292,15,0,2652,12611,0,5,600.0,actions:offsite_conversion.fb_pixel_lead,15,default,9.73333333
2026-06-24,Meta Ads,Cliente-8595A0B1,2,Campanha-80EA63AC,1,AdSet-839FE6F8,1,Anuncio-763D8A88,1,289.8,16122,322,16,0,5189,12882,0,5,600.0,actions:offsite_conversion.fb_pixel_lead,16,default,18.11250000
2026-06-24,Meta Ads,Cliente-8595A0B1,2,Campanha-80EA63AC,1,AdSet-839FE6F8,1,Anuncio-AF9B4192,1,57.0,4792,95,5,0,1557,4175,0,1,120.0,actions:offsite_conversion.fb_pixel_lead,5,default,11.40000000
2026-06-24,Meta Ads,Cliente-8595A0B1,2,Campanha-80EA63AC,1,AdSet-839FE6F8,1,Anuncio-F7564EEF,1,42.2,10578,211,11,0,3446,8563,0,3,360.0,actions:offsite_conversion.fb_pixel_lead,11,default,3.83636364
2026-06-24,Meta Ads,Cliente-8595A0B1,2,Campanha-ACFE35BB,1,AdSet-909F3F76,1,Anuncio-B55D4254,1,57.0,1935,38,2,0,543,1317,0,0,0.0,actions:offsite_conversion.fb_pixel_lead,2,default,28.50000000
2026-06-24,Meta Ads,Cliente-8595A0B1,2,Campanha-D03279CF,1,AdSet-4B62792C,1,Anuncio-2CF462B1,1,186.0,4692,93,5,0,723,2715,0,1,120.0,actions:offsite_conversion.fb_pixel_lead,5,default,37.20000000
2026-06-24,Meta Ads,Cliente-8595A0B1,2,Campanha-D03279CF,1,AdSet-5DC66742,1,Anuncio-6D0AB7AE,1,330.0,8291,165,8,0,1559,5684,0,2,240.0,actions:offsite_conversion.fb_pixel_lead,8,default,41.25000000
2026-06-24,Meta Ads,Cliente-8595A0B1,2,Campanha-D4F4B6F7,1,AdSet-6CA8CD14,1,Anuncio-DEF80DD8,1,39.6,1696,33,0,0,598,1310,0,0,0.0,actions:offsite_conversion.fb_pixel_lead,0,,
2026-06-24,Meta Ads,Cliente-8595A0B1,2,Campanha-D4F4B6F7,1,AdSet-B1087453,1,Anuncio-32A606B5,1,6.0,285,5,0,0,80,225,0,0,0.0,actions:offsite_conversion.fb_pixel_lead,0,,
2026-06-24,Meta Ads,Cliente-AD42A32D,1,Campanha-1605BED1,1,AdSet-F891FAAE,1,Anuncio-2634260D,1,519.6,21677,433,22,0,3871,18942,0,7,840.0,,,,
2026-06-24,Meta Ads,Cliente-AD42A32D,1,Campanha-1605BED1,1,AdSet-F891FAAE,1,Anuncio-293DED4C,2,198.8,24884,497,25,0,3845,15819,0,8,960.0,,,,
2026-06-24,Meta Ads,Cliente-AD42A32D,1,Campanha-1605BED1,1,AdSet-F891FAAE,1,Anuncio-4EC6EBAA,1,101.7,5680,113,6,0,2276,4336,0,2,240.0,,,,
2026-06-24,Meta Ads,Cliente-AD42A32D,1,Campanha-16CF835F,1,AdSet-4A6E7F00,1,Anuncio-ACD3E146,1,540.8,10424,208,10,0,3362,7717,0,3,360.0,,,,
2026-06-24,Meta Ads,Cliente-AD42A32D,1,Campanha-78D97BE5,1,AdSet-2C3F076D,1,Anuncio-AE1F9355,1,330.4,11830,236,12,0,5016,7645,0,4,480.0,,,,
2026-06-24,Meta Ads,Cliente-AD42A32D,1,Campanha-820B11BE,1,AdSet-9AF72A34,1,Anuncio-74975EB1,1,328.0,8235,164,8,0,3678,4881,0,2,240.0,,,,
2026-06-24,Meta Ads,Cliente-AD42A32D,1,Campanha-820B11BE,1,AdSet-EBF937FB,1,Anuncio-C6C8C9C1,1,122.0,3070,61,3,0,743,1852,0,1,120.0,,,,
2026-06-25,Google Ads,Cliente-474CCCE3,1,Campanha-29ECA028,1,AdSet-32A0CF45,1,Anuncio-2FF839A3,1,366.0,9176,183,9.15,1098.0,133,0,0,0,0,,,,
2026-06-25,Google Ads,Cliente-474CCCE3,1,Campanha-29ECA028,1,AdSet-32A0CF45,1,Anuncio-9C010327,1,273.0,13651,273,13.65,1638.0,730,0,0,0,0,,,,
2026-06-25,Google Ads,Cliente-474CCCE3,1,Campanha-29ECA028,1,AdSet-32A0CF45,1,Anuncio-A76D1B5E,1,471.0,15723,314,15.7,1884.0,284,0,0,0,0,,,,
2026-06-25,Google Ads,Cliente-474CCCE3,1,Campanha-6E08A848,1,AdSet-CEC81128,1,Anuncio-3F3F9234,1,482.5,9663,193,9.65,1158.0,278,0,0,0,0,,,,
2026-06-25,Google Ads,Cliente-474CCCE3,1,Campanha-6E08A848,1,AdSet-D35341B0,1,Anuncio-FC062A4B,1,232.5,4662,93,4.65,558.0,179,0,0,0,0,,,,
2026-06-25,Google Ads,Cliente-474CCCE3,1,Campanha-729BD069,1,AdSet-79BE6F30,1,Anuncio-317F6C10,1,193.9,13869,277,13.85,1662.0,161,0,0,0,0,,,,
2026-06-25,Google Ads,Cliente-474CCCE3,1,Campanha-729BD069,1,AdSet-79BE6F30,1,Anuncio-4CF83B7A,1,257.4,9939,198,9.9,1188.0,257,0,0,0,0,,,,
2026-06-25,Google Ads,Cliente-474CCCE3,1,Campanha-729BD069,1,AdSet-79BE6F30,1,Anuncio-6B4F96B4,1,59.0,2980,59,2.95,354.0,164,0,0,0,0,,,,
2026-06-25,Google Ads,Cliente-474CCCE3,1,Campanha-729BD069,1,AdSet-79BE6F30,1,Anuncio-B452532A,1,736.0,23035,460,23.0,2760.0,462,0,0,0,0,,,,
2026-06-25,Google Ads,Cliente-474CCCE3,1,Campanha-729BD069,1,AdSet-79BE6F30,1,Anuncio-EB7DCF15,1,72.8,9101,182,9.1,1092.0,472,0,0,0,0,,,,
2026-06-25,Google Ads,Cliente-474CCCE3,1,Campanha-AB3864A1,1,AdSet-5D96CA07,1,Anuncio-44D65130,1,860.0,21517,430,21.5,2580.0,404,0,0,0,0,,,,
2026-06-25,Google Ads,Cliente-474CCCE3,1,Campanha-AB3864A1,1,AdSet-B4166F22,1,Anuncio-B8431021,1,64.0,1630,32,1.6,192.0,56,0,0,0,0,,,,
2026-06-25,Google Ads,Cliente-474CCCE3,1,Campanha-EEA08F81,2,AdSet-21817692,1,Anuncio-1F2C3323,1,91.2,22843,456,22.8,2736.0,667,0,0,0,0,,,,
2026-06-25,Google Ads,Cliente-474CCCE3,1,Campanha-EEA08F81,2,AdSet-21817692,1,Anuncio-97F07160,1,19.2,2419,48,2.4,288.0,0,0,0,0,0,,,,
2026-06-25,Google Ads,Cliente-474CCCE3,1,Campanha-EEA08F81,2,AdSet-39668F5E,1,Anuncio-2CD4E792,2,344.0,21507,430,21.5,2580.0,1254,0,0,0,0,,,,
2026-06-25,Google Ads,Cliente-540F1743,1,Campanha-5FB26883,1,AdSet-75A9934D,1,Anuncio-0BD68F17,1,0.0,4748,94,4.7,564.0,46,0,0,0,0,,,,
2026-06-25,Google Ads,Cliente-540F1743,1,Campanha-5FB26883,1,AdSet-C9396344,1,Anuncio-71058119,1,0.0,19404,388,19.4,2328.0,597,0,0,0,0,,,,
2026-06-25,Google Ads,Cliente-540F1743,1,Campanha-6279950B,1,AdSet-818EA13C,1,Anuncio-2696D408,1,482.6,12725,254,12.7,1524.0,3,0,0,0,0,,,,
2026-06-25,Google Ads,Cliente-540F1743,1,Campanha-C4346965,1,AdSet-A39E8884,1,Anuncio-3F957FCA,1,132.0,6031,120,6.0,720.0,21,0,0,0,0,,,,
2026-06-25,Google Ads,Cliente-540F1743,1,Campanha-C4346965,1,AdSet-DDA1CAB0,1,Anuncio-E33942DA,1,247.5,11260,225,11.25,1350.0,313,0,0,0,0,,,,
2026-06-25,Meta Ads,Cliente-0D954560,1,Campanha-C132C431,1,AdSet-0E701B9C,1,Anuncio-B54E991E,1,611.0,23545,470,24,0,10056,18552,0,8,960.0,actions:offsite_conversion.fb_pixel_lead,24,default,25.45833333
2026-06-25,Meta Ads,Cliente-0D954560,1,Campanha-C132C431,1,AdSet-FD8E452C,1,Anuncio-281BA058,1,94.9,3690,73,4,0,988,2679,0,1,120.0,actions:offsite_conversion.fb_pixel_lead,4,default,23.72500000
2026-06-25,Meta Ads,Cliente-0D954560,1,Campanha-E2C66194,2,AdSet-78ECC024,1,Anuncio-1BA82A24,1,399.3,18169,363,0,0,3182,12784,0,0,0.0,,,,
2026-06-25,Meta Ads,Cliente-0D954560,1,Campanha-E2C66194,2,AdSet-F3818FF2,1,Anuncio-1039A314,1,51.7,2372,47,0,0,755,1347,0,0,0.0,,,,
2026-06-25,Meta Ads,Cliente-1301E036,1,Campanha-5AA632F6,1,AdSet-437F32CF,1,Anuncio-D93BAE53,1,752.4,20947,418,21,0,2084,13032,0,7,840.0,video_thruplay_watched_actions,1250,default,0.60192000
2026-06-25,Meta Ads,Cliente-1301E036,1,Campanha-942DC529,1,AdSet-20AD549D,1,Anuncio-5488E69D,1,474.0,19794,395,20,0,5983,11625,0,7,840.0,video_thruplay_watched_actions,3589,default,0.13207021
2026-06-25,Meta Ads,Cliente-1301E036,1,Campanha-942DC529,1,AdSet-33DED8F4,1,Anuncio-E2BBB95C,1,468.0,19528,390,20,0,7591,15154,0,7,840.0,video_thruplay_watched_actions,4554,default,0.10276680
2026-06-25,Meta Ads,Cliente-1301E036,1,Campanha-A1087A42,1,AdSet-3F3A9FAC,1,Anuncio-08CD3708,1,249.0,16621,332,17,0,6710,13448,0,5,600.0,video_thruplay_watched_actions,4026,default,0.06184799
2026-06-25,Meta Ads,Cliente-1301E036,1,Campanha-A1087A42,1,AdSet-3F3A9FAC,1,Anuncio-19D03D54,1,116.0,23205,464,23,0,5611,15780,0,8,960.0,video_thruplay_watched_actions,3366,default,0.03446227
2026-06-25,Meta Ads,Cliente-1301E036,1,Campanha-A1087A42,1,AdSet-3F3A9FAC,1,Anuncio-1F0B0200,1,157.05,17466,349,17,0,6697,10755,0,5,600.0,video_thruplay_watched_actions,4018,default,0.03908661
2026-06-25,Meta Ads,Cliente-1301E036,1,Campanha-A1087A42,1,AdSet-3F3A9FAC,1,Anuncio-92C2AD5A,1,31.35,1658,33,2,0,213,1345,0,0,0.0,video_thruplay_watched_actions,127,default,0.24685039
2026-06-25,Meta Ads,Cliente-1301E036,1,Campanha-A1087A42,1,AdSet-3F3A9FAC,1,Anuncio-C512F752,1,238.2,19867,397,20,0,2636,12304,0,7,840.0,video_thruplay_watched_actions,1581,default,0.15066414
2026-06-25,Meta Ads,Cliente-1301E036,1,Campanha-BAA2D61A,1,AdSet-21718E81,1,Anuncio-7E3C39EB,1,283.2,5927,118,6,0,1369,4740,0,2,240.0,video_thruplay_watched_actions,821,default,0.34494519
2026-06-25,Meta Ads,Cliente-1301E036,1,Campanha-BAA2D61A,1,AdSet-F8D81242,1,Anuncio-9E8F58AB,1,760.8,15899,317,16,0,1323,9753,0,5,600.0,video_thruplay_watched_actions,793,default,0.95939470
2026-06-25,Meta Ads,Cliente-6ED105CA,1,Campanha-409E3907,1,AdSet-DC1F642E,1,Anuncio-AD28A55D,1,479.6,10935,218,11,0,3437,8013,0,3,360.0,video_thruplay_watched_actions,2062,default,0.23258972
2026-06-25,Meta Ads,Cliente-6ED105CA,1,Campanha-86298F91,1,AdSet-1CAEFB1E,1,Anuncio-52861658,1,179.0,8980,179,9,0,3529,5518,0,3,360.0,video_thruplay_watched_actions,2117,default,0.08455361
2026-06-25,Meta Ads,Cliente-6ED105CA,1,Campanha-86298F91,1,AdSet-D6A72598,1,Anuncio-09915A4E,1,207.0,10390,207,10,0,4485,8275,0,3,360.0,video_thruplay_watched_actions,2691,default,0.07692308
2026-06-25,Meta Ads,Cliente-8595A0B1,2,Campanha-026778BE,1,AdSet-C451AA6E,1,Anuncio-E5CAFB1B,1,277.2,8413,168,8,0,1407,6839,0,2,240.0,actions:offsite_conversion.fb_pixel_lead,8,default,34.65000000
2026-06-25,Meta Ads,Cliente-8595A0B1,2,Campanha-026778BE,1,AdSet-E02677A8,1,Anuncio-6A27FA82,1,189.75,5792,115,6,0,2270,5201,0,2,240.0,actions:offsite_conversion.fb_pixel_lead,6,default,31.62500000
2026-06-25,Meta Ads,Cliente-8595A0B1,2,Campanha-6C8B5548,1,AdSet-38FD9C4C,1,Anuncio-850EF202,1,330.0,6609,132,7,0,982,5422,0,2,240.0,actions:offsite_conversion.fb_pixel_lead,7,default,47.14285714
2026-06-25,Meta Ads,Cliente-8595A0B1,2,Campanha-6C8B5548,1,AdSet-D113B19A,1,Anuncio-A30083A9,1,142.5,2868,57,3,0,1026,1973,0,1,120.0,actions:offsite_conversion.fb_pixel_lead,3,default,47.50000000
2026-06-25,Meta Ads,Cliente-8595A0B1,2,Campanha-7435AF3B,1,AdSet-A9531AD0,1,Anuncio-E32DE258,1,64.0,3222,64,3,0,1435,2708,0,1,120.0,actions:offsite_conversion.fb_pixel_lead,3,default,21.33333333
2026-06-25,Meta Ads,Cliente-8595A0B1,2,Campanha-7435AF3B,1,AdSet-AB8B0426,1,Anuncio-DA061972,1,266.0,13338,266,13,0,4181,10020,0,4,480.0,actions:offsite_conversion.fb_pixel_lead,13,default,20.46153846
2026-06-25,Meta Ads,Cliente-8595A0B1,2,Campanha-80EA63AC,1,AdSet-839FE6F8,1,Anuncio-54AD6415,1,96.5,9653,193,10,0,1743,6607,0,3,360.0,actions:offsite_conversion.fb_pixel_lead,10,default,9.65000000
2026-06-25,Meta Ads,Cliente-8595A0B1,2,Campanha-80EA63AC,1,AdSet-839FE6F8,1,Anuncio-763D8A88,1,129.6,7240,144,7,0,2160,5890,0,2,240.0,actions:offsite_conversion.fb_pixel_lead,7,default,18.51428571
2026-06-25,Meta Ads,Cliente-8595A0B1,2,Campanha-ACFE35BB,1,AdSet-2FA08C4F,1,Anuncio-2FCC58DA,1,564.0,18848,376,19,0,3476,12586,0,6,720.0,actions:offsite_conversion.fb_pixel_lead,19,default,29.68421053
2026-06-25,Meta Ads,Cliente-8595A0B1,2,Campanha-ACFE35BB,1,AdSet-909F3F76,1,Anuncio-B55D4254,1,403.5,13487,269,13,0,4346,9401,0,4,480.0,actions:offsite_conversion.fb_pixel_lead,13,default,31.03846154
2026-06-25,Meta Ads,Cliente-8595A0B1,2,Campanha-D03279CF,1,AdSet-5DC66742,1,Anuncio-6D0AB7AE,1,38.0,997,19,1,0,168,590,0,0,0.0,actions:offsite_conversion.fb_pixel_lead,1,default,38.00000000
2026-06-25,Meta Ads,Cliente-8595A0B1,2,Campanha-D4F4B6F7,1,AdSet-6CA8CD14,1,Anuncio-DEF80DD8,1,54.0,2276,45,0,0,415,1895,0,0,0.0,actions:offsite_conversion.fb_pixel_lead,0,,
2026-06-25,Meta Ads,Cliente-8595A0B1,2,Campanha-D4F4B6F7,1,AdSet-B1087453,1,Anuncio-32A606B5,1,58.8,2495,49,0,0,1022,1709,0,0,0.0,actions:offsite_conversion.fb_pixel_lead,0,,
2026-06-25,Meta Ads,Cliente-AD42A32D,1,Campanha-1605BED1,1,AdSet-F891FAAE,1,Anuncio-2634260D,1,231.6,9689,193,10,0,3027,5482,0,3,360.0,,,,
2026-06-25,Meta Ads,Cliente-AD42A32D,1,Campanha-1605BED1,1,AdSet-F891FAAE,1,Anuncio-293DED4C,2,32.0,4019,80,4,0,1632,2486,0,1,120.0,,,,
2026-06-25,Meta Ads,Cliente-AD42A32D,1,Campanha-1605BED1,1,AdSet-F891FAAE,1,Anuncio-4EC6EBAA,1,150.3,8375,167,8,0,908,5116,0,2,240.0,,,,
2026-06-25,Meta Ads,Cliente-AD42A32D,1,Campanha-1605BED1,1,AdSet-F891FAAE,1,Anuncio-E9DCB443,1,206.5,14768,295,15,0,1985,13151,0,5,600.0,,,,
2026-06-25,Meta Ads,Cliente-AD42A32D,1,Campanha-16CF835F,1,AdSet-4A6E7F00,1,Anuncio-ACD3E146,1,990.6,19097,381,19,0,2878,15526,0,6,720.0,,,,
2026-06-25,Meta Ads,Cliente-AD42A32D,1,Campanha-16CF835F,1,AdSet-6272CAA6,1,Anuncio-A274723C,1,852.8,16427,328,16,0,3014,10929,0,5,600.0,,,,
2026-06-25,Meta Ads,Cliente-AD42A32D,1,Campanha-78D97BE5,1,AdSet-2C3F076D,1,Anuncio-AE1F9355,1,491.4,17597,351,18,0,6990,11748,0,6,720.0,,,,
2026-06-25,Meta Ads,Cliente-AD42A32D,1,Campanha-78D97BE5,1,AdSet-ECF361B8,1,Anuncio-89F19D87,1,116.2,4166,83,4,0,1752,3473,0,1,120.0,,,,
2026-06-25,Meta Ads,Cliente-AD42A32D,1,Campanha-820B11BE,1,AdSet-9AF72A34,1,Anuncio-74975EB1,1,692.0,17310,346,17,0,2602,12372,0,5,600.0,,,,
2026-06-26,Google Ads,Cliente-474CCCE3,1,Campanha-29ECA028,1,AdSet-32A0CF45,1,Anuncio-2FF839A3,1,566.0,14161,283,14.15,1698.0,502,0,0,0,0,,,,
2026-06-26,Google Ads,Cliente-474CCCE3,1,Campanha-29ECA028,1,AdSet-32A0CF45,1,Anuncio-9C010327,1,336.0,16825,336,16.8,2016.0,331,0,0,0,0,,,,
2026-06-26,Google Ads,Cliente-474CCCE3,1,Campanha-29ECA028,1,AdSet-32A0CF45,1,Anuncio-A76D1B5E,1,558.0,18642,372,18.6,2232.0,719,0,0,0,0,,,,
2026-06-26,Google Ads,Cliente-474CCCE3,1,Campanha-6E08A848,1,AdSet-CEC81128,1,Anuncio-3F3F9234,1,352.5,7058,141,7.05,846.0,191,0,0,0,0,,,,
2026-06-26,Google Ads,Cliente-474CCCE3,1,Campanha-6E08A848,1,AdSet-D35341B0,1,Anuncio-FC062A4B,1,867.5,17378,347,17.35,2082.0,600,0,0,0,0,,,,
2026-06-26,Google Ads,Cliente-474CCCE3,1,Campanha-729BD069,1,AdSet-79BE6F30,1,Anuncio-6B4F96B4,1,279.0,13958,279,13.95,1674.0,215,0,0,0,0,,,,
2026-06-26,Google Ads,Cliente-474CCCE3,1,Campanha-729BD069,1,AdSet-79BE6F30,1,Anuncio-B452532A,1,292.8,9181,183,9.15,1098.0,358,0,0,0,0,,,,
2026-06-26,Google Ads,Cliente-474CCCE3,1,Campanha-AB3864A1,1,AdSet-5D96CA07,1,Anuncio-44D65130,1,692.0,17340,346,17.3,2076.0,1036,0,0,0,0,,,,
2026-06-26,Google Ads,Cliente-474CCCE3,1,Campanha-AB3864A1,1,AdSet-B4166F22,1,Anuncio-B8431021,1,490.0,12266,245,12.25,1470.0,704,0,0,0,0,,,,
2026-06-26,Google Ads,Cliente-474CCCE3,1,Campanha-EEA08F81,2,AdSet-21817692,1,Anuncio-1F2C3323,1,34.8,8709,174,8.7,1044.0,111,0,0,0,0,,,,
2026-06-26,Google Ads,Cliente-474CCCE3,1,Campanha-EEA08F81,2,AdSet-21817692,1,Anuncio-97F07160,1,84.8,10637,212,10.6,1272.0,78,0,0,0,0,,,,
2026-06-26,Google Ads,Cliente-474CCCE3,1,Campanha-EEA08F81,2,AdSet-39668F5E,1,Anuncio-2140A52E,1,281.4,23496,469,23.45,2814.0,1011,0,0,0,0,,,,
2026-06-26,Google Ads,Cliente-474CCCE3,1,Campanha-EEA08F81,2,AdSet-39668F5E,1,Anuncio-2CD4E792,2,55.2,3455,69,3.45,414.0,185,0,0,0,0,,,,
2026-06-26,Google Ads,Cliente-540F1743,1,Campanha-5FB26883,1,AdSet-75A9934D,1,Anuncio-0BD68F17,1,0.0,7014,140,7.0,840.0,118,0,0,0,0,,,,
2026-06-26,Google Ads,Cliente-540F1743,1,Campanha-5FB26883,1,AdSet-C9396344,1,Anuncio-71058119,1,0.0,21909,438,21.9,2628.0,653,0,0,0,0,,,,
2026-06-26,Google Ads,Cliente-540F1743,1,Campanha-6279950B,1,AdSet-818EA13C,1,Anuncio-2696D408,1,625.1,16495,329,16.45,1974.0,815,0,0,0,0,,,,
2026-06-26,Google Ads,Cliente-540F1743,1,Campanha-6279950B,1,AdSet-EA6C5DBD,1,Anuncio-B9B3D44A,1,34.2,925,18,0.9,108.0,21,0,0,0,0,,,,
2026-06-26,Meta Ads,Cliente-0D954560,1,Campanha-C132C431,1,AdSet-0E701B9C,1,Anuncio-B54E991E,1,184.6,7110,142,7,0,2098,3910,0,2,240.0,actions:offsite_conversion.fb_pixel_lead,7,default,26.37142857
2026-06-26,Meta Ads,Cliente-0D954560,1,Campanha-C132C431,1,AdSet-FD8E452C,1,Anuncio-281BA058,1,118.3,4587,91,5,0,641,3049,0,1,120.0,actions:offsite_conversion.fb_pixel_lead,5,default,23.66000000
2026-06-26,Meta Ads,Cliente-0D954560,1,Campanha-E2C66194,2,AdSet-78ECC024,1,Anuncio-1BA82A24,1,220.0,10007,200,0,0,2980,7023,0,0,0.0,,,,
2026-06-26,Meta Ads,Cliente-0D954560,1,Campanha-E2C66194,2,AdSet-F3818FF2,1,Anuncio-1039A314,1,125.4,5712,114,0,0,1289,3315,0,0,0.0,,,,
2026-06-26,Meta Ads,Cliente-1301E036,1,Campanha-5AA632F6,1,AdSet-15C3C269,1,Anuncio-6C40FF24,1,50.4,1420,28,1,0,625,1160,0,0,0.0,video_thruplay_watched_actions,375,default,0.13440000
2026-06-26,Meta Ads,Cliente-1301E036,1,Campanha-5AA632F6,1,AdSet-437F32CF,1,Anuncio-D93BAE53,1,270.0,7502,150,8,0,1401,4310,0,2,240.0,video_thruplay_watched_actions,840,default,0.32142857
2026-06-26,Meta Ads,Cliente-1301E036,1,Campanha-942DC529,1,AdSet-20AD549D,1,Anuncio-5488E69D,1,522.0,21772,435,22,0,3141,18418,0,7,840.0,video_thruplay_watched_actions,1884,default,0.27707006
2026-06-26,Meta Ads,Cliente-1301E036,1,Campanha-942DC529,1,AdSet-33DED8F4,1,Anuncio-E2BBB95C,1,495.6,20680,413,21,0,6612,11942,0,7,840.0,video_thruplay_watched_actions,3967,default,0.12493068
2026-06-26,Meta Ads,Cliente-1301E036,1,Campanha-A1087A42,1,AdSet-3F3A9FAC,1,Anuncio-08CD3708,1,366.75,24496,489,24,0,10743,19783,0,8,960.0,video_thruplay_watched_actions,6445,default,0.05690458
2026-06-26,Meta Ads,Cliente-1301E036,1,Campanha-A1087A42,1,AdSet-3F3A9FAC,1,Anuncio-19D03D54,1,49.75,9957,199,10,0,1668,8139,0,3,360.0,video_thruplay_watched_actions,1000,default,0.04975000
2026-06-26,Meta Ads,Cliente-1301E036,1,Campanha-A1087A42,1,AdSet-3F3A9FAC,1,Anuncio-1F0B0200,1,142.2,15815,316,16,0,2167,13494,0,5,600.0,video_thruplay_watched_actions,1300,default,0.10938462
2026-06-26,Meta Ads,Cliente-1301E036,1,Campanha-A1087A42,1,AdSet-3F3A9FAC,1,Anuncio-92C2AD5A,1,418.0,22034,440,22,0,6384,14531,0,7,840.0,video_thruplay_watched_actions,3830,default,0.10913838
2026-06-26,Meta Ads,Cliente-1301E036,1,Campanha-A1087A42,1,AdSet-3F3A9FAC,1,Anuncio-C512F752,1,24.0,2042,40,2,0,390,1196,0,0,0.0,video_thruplay_watched_actions,234,default,0.10256410
2026-06-26,Meta Ads,Cliente-1301E036,1,Campanha-BAA2D61A,1,AdSet-F8D81242,1,Anuncio-9E8F58AB,1,480.0,10032,200,10,0,2952,6139,0,3,360.0,video_thruplay_watched_actions,1771,default,0.27103331
2026-06-26,Meta Ads,Cliente-6ED105CA,1,Campanha-409E3907,1,AdSet-3E655550,1,Anuncio-0888DFA2,1,44.0,1032,20,1,0,325,773,0,0,0.0,video_thruplay_watched_actions,195,default,0.22564103
2026-06-26,Meta Ads,Cliente-6ED105CA,1,Campanha-409E3907,1,AdSet-DC1F642E,1,Anuncio-AD28A55D,1,981.2,22342,446,22,0,8509,13752,0,7,840.0,video_thruplay_watched_actions,5105,default,0.19220372
2026-06-26,Meta Ads,Cliente-6ED105CA,1,Campanha-86298F91,1,AdSet-1CAEFB1E,1,Anuncio-52861658,1,323.0,16192,323,16,0,3280,12219,0,5,600.0,video_thruplay_watched_actions,1968,default,0.16412602
2026-06-26,Meta Ads,Cliente-8595A0B1,2,Campanha-026778BE,1,AdSet-C451AA6E,1,Anuncio-E5CAFB1B,1,244.2,7416,148,7,0,2761,4687,0,2,240.0,actions:offsite_conversion.fb_pixel_lead,7,default,34.88571429
2026-06-26,Meta Ads,Cliente-8595A0B1,2,Campanha-026778BE,1,AdSet-E02677A8,1,Anuncio-6A27FA82,1,336.6,10235,204,10,0,1207,8321,0,3,360.0,actions:offsite_conversion.fb_pixel_lead,10,default,33.66000000
2026-06-26,Meta Ads,Cliente-8595A0B1,2,Campanha-6C8B5548,1,AdSet-38FD9C4C,1,Anuncio-850EF202,1,900.0,18034,360,18,0,7210,15718,0,6,720.0,actions:offsite_conversion.fb_pixel_lead,18,default,50.00000000
2026-06-26,Meta Ads,Cliente-8595A0B1,2,Campanha-6C8B5548,1,AdSet-D113B19A,1,Anuncio-A30083A9,1,185.0,3730,74,4,0,656,2750,0,1,120.0,actions:offsite_conversion.fb_pixel_lead,4,default,46.25000000
2026-06-26,Meta Ads,Cliente-8595A0B1,2,Campanha-7435AF3B,1,AdSet-A9531AD0,1,Anuncio-E32DE258,1,453.0,22669,453,23,0,4711,16357,0,8,960.0,actions:offsite_conversion.fb_pixel_lead,23,default,19.69565217
2026-06-26,Meta Ads,Cliente-8595A0B1,2,Campanha-7435AF3B,1,AdSet-AB8B0426,1,Anuncio-DA061972,1,410.0,20546,410,20,0,3057,13460,0,7,840.0,actions:offsite_conversion.fb_pixel_lead,20,default,20.50000000
2026-06-26,Meta Ads,Cliente-8595A0B1,2,Campanha-80EA63AC,1,AdSet-839FE6F8,1,Anuncio-54AD6415,1,131.5,13192,263,13,0,3992,7421,0,4,480.0,actions:offsite_conversion.fb_pixel_lead,13,default,10.11538462
2026-06-26,Meta Ads,Cliente-8595A0B1,2,Campanha-80EA63AC,1,AdSet-839FE6F8,1,Anuncio-763D8A88,1,261.0,14549,290,14,0,1882,9838,0,4,480.0,actions:offsite_conversion.fb_pixel_lead,14,default,18.64285714
2026-06-26,Meta Ads,Cliente-8595A0B1,2,Campanha-80EA63AC,1,AdSet-839FE6F8,1,Anuncio-AF9B4192,1,123.6,10337,206,10,0,3498,9005,0,3,360.0,actions:offsite_conversion.fb_pixel_lead,10,default,12.36000000
2026-06-26,Meta Ads,Cliente-8595A0B1,2,Campanha-80EA63AC,1,AdSet-839FE6F8,1,Anuncio-F7564EEF,1,48.8,12226,244,12,0,2966,7459,0,4,480.0,actions:offsite_conversion.fb_pixel_lead,12,default,4.06666667
2026-06-26,Meta Ads,Cliente-8595A0B1,2,Campanha-ACFE35BB,1,AdSet-2FA08C4F,1,Anuncio-2FCC58DA,1,304.5,10163,203,10,0,1301,6333,0,3,360.0,actions:offsite_conversion.fb_pixel_lead,10,default,30.45000000
2026-06-26,Meta Ads,Cliente-8595A0B1,2,Campanha-ACFE35BB,1,AdSet-909F3F76,1,Anuncio-B55D4254,1,352.5,11781,235,12,0,3208,8026,0,4,480.0,actions:offsite_conversion.fb_pixel_lead,12,default,29.37500000
2026-06-26,Meta Ads,Cliente-8595A0B1,2,Campanha-D03279CF,1,AdSet-4B62792C,1,Anuncio-2CF462B1,1,322.0,8056,161,8,0,1563,6027,0,2,240.0,actions:offsite_conversion.fb_pixel_lead,8,default,40.25000000
2026-06-26,Meta Ads,Cliente-8595A0B1,2,Campanha-D03279CF,1,AdSet-5DC66742,1,Anuncio-6D0AB7AE,1,444.0,11106,222,11,0,3270,9416,0,3,360.0,actions:offsite_conversion.fb_pixel_lead,11,default,40.36363636
2026-06-26,Meta Ads,Cliente-8595A0B1,2,Campanha-D4F4B6F7,1,AdSet-6CA8CD14,1,Anuncio-DEF80DD8,1,45.6,1944,38,0,0,719,1418,0,0,0.0,actions:offsite_conversion.fb_pixel_lead,0,,
2026-06-26,Meta Ads,Cliente-8595A0B1,2,Campanha-D4F4B6F7,1,AdSet-B1087453,1,Anuncio-32A606B5,1,24.0,1014,20,0,0,176,690,0,0,0.0,actions:offsite_conversion.fb_pixel_lead,0,,
2026-06-26,Meta Ads,Cliente-AD42A32D,1,Campanha-1605BED1,1,AdSet-F891FAAE,1,Anuncio-2634260D,1,104.4,4383,87,4,0,1784,2806,0,1,120.0,,,,
2026-06-26,Meta Ads,Cliente-AD42A32D,1,Campanha-1605BED1,1,AdSet-F891FAAE,1,Anuncio-293DED4C,2,56.0,7033,140,7,0,1618,4773,0,2,240.0,,,,
2026-06-26,Meta Ads,Cliente-AD42A32D,1,Campanha-1605BED1,1,AdSet-F891FAAE,1,Anuncio-4EC6EBAA,1,90.0,5029,100,5,0,2151,4215,0,1,120.0,,,,
2026-06-26,Meta Ads,Cliente-AD42A32D,1,Campanha-1605BED1,1,AdSet-F891FAAE,1,Anuncio-E9DCB443,1,81.2,5807,116,6,0,1616,3897,0,2,240.0,,,,
2026-06-26,Meta Ads,Cliente-AD42A32D,1,Campanha-16CF835F,1,AdSet-4A6E7F00,1,Anuncio-ACD3E146,1,1079.0,20786,415,21,0,5768,18253,0,7,840.0,,,,
2026-06-26,Meta Ads,Cliente-AD42A32D,1,Campanha-16CF835F,1,AdSet-6272CAA6,1,Anuncio-A274723C,1,891.8,17171,343,17,0,4503,14176,0,5,600.0,,,,
2026-06-26,Meta Ads,Cliente-AD42A32D,1,Campanha-78D97BE5,1,AdSet-ECF361B8,1,Anuncio-89F19D87,1,162.4,5831,116,6,0,2094,4212,0,2,240.0,,,,
2026-06-26,Meta Ads,Cliente-AD42A32D,1,Campanha-820B11BE,1,AdSet-9AF72A34,1,Anuncio-74975EB1,1,380.0,9548,190,10,0,3796,5765,0,3,360.0,,,,
2026-06-26,Meta Ads,Cliente-AD42A32D,1,Campanha-820B11BE,1,AdSet-EBF937FB,1,Anuncio-C6C8C9C1,1,816.0,20410,408,20,0,7703,11280,0,7,840.0,,,,
2026-06-27,Google Ads,Cliente-474CCCE3,1,Campanha-29ECA028,1,AdSet-32A0CF45,1,Anuncio-2FF839A3,1,72.0,1800,36,1.8,216.0,29,0,0,0,0,,,,
2026-06-27,Google Ads,Cliente-474CCCE3,1,Campanha-29ECA028,1,AdSet-32A0CF45,1,Anuncio-A76D1B5E,1,192.0,6433,128,6.4,768.0,7,0,0,0,0,,,,
2026-06-27,Google Ads,Cliente-474CCCE3,1,Campanha-6E08A848,1,AdSet-CEC81128,1,Anuncio-3F3F9234,1,137.5,2797,55,2.75,330.0,91,0,0,0,0,,,,
2026-06-27,Google Ads,Cliente-474CCCE3,1,Campanha-6E08A848,1,AdSet-D35341B0,1,Anuncio-FC062A4B,1,445.0,8948,178,8.9,1068.0,511,0,0,0,0,,,,
2026-06-27,Google Ads,Cliente-474CCCE3,1,Campanha-729BD069,1,AdSet-79BE6F30,1,Anuncio-317F6C10,1,60.9,4353,87,4.35,522.0,254,0,0,0,0,,,,
2026-06-27,Google Ads,Cliente-474CCCE3,1,Campanha-729BD069,1,AdSet-79BE6F30,1,Anuncio-4CF83B7A,1,191.1,7390,147,7.35,882.0,411,0,0,0,0,,,,
2026-06-27,Google Ads,Cliente-474CCCE3,1,Campanha-729BD069,1,AdSet-79BE6F30,1,Anuncio-6B4F96B4,1,56.0,2813,56,2.8,336.0,157,0,0,0,0,,,,
2026-06-27,Google Ads,Cliente-474CCCE3,1,Campanha-729BD069,1,AdSet-79BE6F30,1,Anuncio-EB7DCF15,1,79.6,9987,199,9.95,1194.0,12,0,0,0,0,,,,
2026-06-27,Google Ads,Cliente-474CCCE3,1,Campanha-AB3864A1,1,AdSet-B4166F22,1,Anuncio-B8431021,1,340.0,8538,170,8.5,1020.0,46,0,0,0,0,,,,
2026-06-27,Google Ads,Cliente-474CCCE3,1,Campanha-EEA08F81,2,AdSet-21817692,1,Anuncio-1F2C3323,1,15.8,3984,79,3.95,474.0,171,0,0,0,0,,,,
2026-06-27,Google Ads,Cliente-474CCCE3,1,Campanha-EEA08F81,2,AdSet-21817692,1,Anuncio-97F07160,1,36.8,4638,92,4.6,552.0,42,0,0,0,0,,,,
2026-06-27,Google Ads,Cliente-540F1743,1,Campanha-5FB26883,1,AdSet-75A9934D,1,Anuncio-0BD68F17,1,0.0,11848,236,11.8,1416.0,178,0,0,0,0,,,,
2026-06-27,Google Ads,Cliente-540F1743,1,Campanha-5FB26883,1,AdSet-C9396344,1,Anuncio-71058119,1,0.0,12735,254,12.7,1524.0,289,0,0,0,0,,,,
2026-06-27,Google Ads,Cliente-540F1743,1,Campanha-6279950B,1,AdSet-818EA13C,1,Anuncio-2696D408,1,28.5,766,15,0.75,90.0,34,0,0,0,0,,,,
2026-06-27,Google Ads,Cliente-540F1743,1,Campanha-6279950B,1,AdSet-EA6C5DBD,1,Anuncio-B9B3D44A,1,452.2,11928,238,11.9,1428.0,22,0,0,0,0,,,,
2026-06-27,Google Ads,Cliente-540F1743,1,Campanha-C4346965,1,AdSet-A39E8884,1,Anuncio-3F957FCA,1,63.8,2932,58,2.9,348.0,123,0,0,0,0,,,,
2026-06-27,Google Ads,Cliente-540F1743,1,Campanha-C4346965,1,AdSet-DDA1CAB0,1,Anuncio-E33942DA,1,251.9,11478,229,11.45,1374.0,107,0,0,0,0,,,,
2026-06-27,Meta Ads,Cliente-0D954560,1,Campanha-C132C431,1,AdSet-0E701B9C,1,Anuncio-B54E991E,1,179.4,6934,138,7,0,1742,4483,0,2,240.0,actions:offsite_conversion.fb_pixel_lead,7,default,25.62857143
2026-06-27,Meta Ads,Cliente-0D954560,1,Campanha-C132C431,1,AdSet-FD8E452C,1,Anuncio-281BA058,1,104.0,4020,80,4,0,1771,2228,0,1,120.0,actions:offsite_conversion.fb_pixel_lead,4,default,26.00000000
2026-06-27,Meta Ads,Cliente-0D954560,1,Campanha-E2C66194,2,AdSet-78ECC024,1,Anuncio-1BA82A24,1,279.4,12732,254,0,0,3772,9996,0,0,0.0,,,,
2026-06-27,Meta Ads,Cliente-0D954560,1,Campanha-E2C66194,2,AdSet-F3818FF2,1,Anuncio-1039A314,1,255.2,11614,232,0,0,3300,6739,0,0,0.0,,,,
2026-06-27,Meta Ads,Cliente-1301E036,1,Campanha-5AA632F6,1,AdSet-15C3C269,1,Anuncio-6C40FF24,1,403.2,11221,224,11,0,1152,6954,0,3,360.0,video_thruplay_watched_actions,691,default,0.58350217
2026-06-27,Meta Ads,Cliente-1301E036,1,Campanha-5AA632F6,1,AdSet-437F32CF,1,Anuncio-D93BAE53,1,487.8,13553,271,14,0,2513,9022,0,4,480.0,video_thruplay_watched_actions,1507,default,0.32368945
2026-06-27,Meta Ads,Cliente-1301E036,1,Campanha-942DC529,1,AdSet-20AD549D,1,Anuncio-5488E69D,1,20.4,895,17,1,0,171,709,0,0,0.0,video_thruplay_watched_actions,102,default,0.20000000
2026-06-27,Meta Ads,Cliente-1301E036,1,Campanha-942DC529,1,AdSet-33DED8F4,1,Anuncio-E2BBB95C,1,166.8,6990,139,7,0,2745,5126,0,2,240.0,video_thruplay_watched_actions,1647,default,0.10127505
2026-06-27,Meta Ads,Cliente-1301E036,1,Campanha-A1087A42,1,AdSet-3F3A9FAC,1,Anuncio-08CD3708,1,233.25,15554,311,16,0,4386,11550,0,5,600.0,video_thruplay_watched_actions,2631,default,0.08865450
2026-06-27,Meta Ads,Cliente-1301E036,1,Campanha-A1087A42,1,AdSet-3F3A9FAC,1,Anuncio-19D03D54,1,74.75,14954,299,15,0,2842,13432,0,5,600.0,video_thruplay_watched_actions,1705,default,0.04384164
2026-06-27,Meta Ads,Cliente-1301E036,1,Campanha-A1087A42,1,AdSet-3F3A9FAC,1,Anuncio-1F0B0200,1,119.25,13272,265,13,0,5480,7615,0,4,480.0,video_thruplay_watched_actions,3288,default,0.03626825
2026-06-27,Meta Ads,Cliente-1301E036,1,Campanha-A1087A42,1,AdSet-3F3A9FAC,1,Anuncio-C512F752,1,89.4,7468,149,7,0,1670,5607,0,2,240.0,video_thruplay_watched_actions,1002,default,0.08922156
2026-06-27,Meta Ads,Cliente-1301E036,1,Campanha-BAA2D61A,1,AdSet-21718E81,1,Anuncio-7E3C39EB,1,211.2,4449,88,4,0,1223,3826,0,1,120.0,video_thruplay_watched_actions,733,default,0.28813097
2026-06-27,Meta Ads,Cliente-6ED105CA,1,Campanha-409E3907,1,AdSet-3E655550,1,Anuncio-0888DFA2,1,352.0,8046,160,8,0,1441,5002,0,2,240.0,video_thruplay_watched_actions,864,default,0.40740741
2026-06-27,Meta Ads,Cliente-6ED105CA,1,Campanha-409E3907,1,AdSet-DC1F642E,1,Anuncio-AD28A55D,1,605.0,13770,275,14,0,2798,10252,0,4,480.0,video_thruplay_watched_actions,1678,default,0.36054827
2026-06-27,Meta Ads,Cliente-6ED105CA,1,Campanha-86298F91,1,AdSet-D6A72598,1,Anuncio-09915A4E,1,129.0,6482,129,6,0,1422,4910,0,2,240.0,video_thruplay_watched_actions,853,default,0.15123095
2026-06-27,Meta Ads,Cliente-8595A0B1,2,Campanha-026778BE,1,AdSet-C451AA6E,1,Anuncio-E5CAFB1B,1,361.35,10958,219,11,0,4352,6756,0,3,360.0,actions:offsite_conversion.fb_pixel_lead,11,default,32.85000000
2026-06-27,Meta Ads,Cliente-8595A0B1,2,Campanha-026778BE,1,AdSet-E02677A8,1,Anuncio-6A27FA82,1,79.2,2427,48,2,0,860,2051,0,0,0.0,actions:offsite_conversion.fb_pixel_lead,2,default,39.60000000
2026-06-27,Meta Ads,Cliente-8595A0B1,2,Campanha-6C8B5548,1,AdSet-D113B19A,1,Anuncio-A30083A9,1,40.0,835,16,1,0,172,747,0,0,0.0,actions:offsite_conversion.fb_pixel_lead,1,default,40.00000000
2026-06-27,Meta Ads,Cliente-8595A0B1,2,Campanha-7435AF3B,1,AdSet-A9531AD0,1,Anuncio-E32DE258,1,282.0,14104,282,14,0,5927,9774,0,4,480.0,actions:offsite_conversion.fb_pixel_lead,14,default,20.14285714
2026-06-27,Meta Ads,Cliente-8595A0B1,2,Campanha-7435AF3B,1,AdSet-AB8B0426,1,Anuncio-DA061972,1,226.0,11340,226,11,0,1942,8414,0,3,360.0,actions:offsite_conversion.fb_pixel_lead,11,default,20.54545455
2026-06-27,Meta Ads,Cliente-8595A0B1,2,Campanha-80EA63AC,1,AdSet-839FE6F8,1,Anuncio-54AD6415,1,146.5,14695,293,15,0,6447,10501,0,5,600.0,actions:offsite_conversion.fb_pixel_lead,15,default,9.76666667
2026-06-27,Meta Ads,Cliente-8595A0B1,2,Campanha-80EA63AC,1,AdSet-839FE6F8,1,Anuncio-763D8A88,1,208.8,11614,232,12,0,2352,7416,0,4,480.0,actions:offsite_conversion.fb_pixel_lead,12,default,17.40000000
2026-06-27,Meta Ads,Cliente-8595A0B1,2,Campanha-80EA63AC,1,AdSet-839FE6F8,1,Anuncio-AF9B4192,1,9.0,766,15,1,0,115,604,0,0,0.0,actions:offsite_conversion.fb_pixel_lead,1,default,9.00000000
2026-06-27,Meta Ads,Cliente-8595A0B1,2,Campanha-80EA63AC,1,AdSet-839FE6F8,1,Anuncio-F7564EEF,1,37.6,9401,188,9,0,3231,6451,0,3,360.0,actions:offsite_conversion.fb_pixel_lead,9,default,4.17777778
2026-06-27,Meta Ads,Cliente-8595A0B1,2,Campanha-ACFE35BB,1,AdSet-2FA08C4F,1,Anuncio-2FCC58DA,1,360.0,12031,240,12,0,3577,6757,0,4,480.0,actions:offsite_conversion.fb_pixel_lead,12,default,30.00000000
2026-06-27,Meta Ads,Cliente-8595A0B1,2,Campanha-ACFE35BB,1,AdSet-909F3F76,1,Anuncio-B55D4254,1,255.0,8519,170,8,0,3335,6310,0,2,240.0,actions:offsite_conversion.fb_pixel_lead,8,default,31.87500000
2026-06-27,Meta Ads,Cliente-8595A0B1,2,Campanha-D03279CF,1,AdSet-4B62792C,1,Anuncio-2CF462B1,1,484.0,12112,242,12,0,1848,7687,0,4,480.0,actions:offsite_conversion.fb_pixel_lead,12,default,40.33333333
2026-06-27,Meta Ads,Cliente-8595A0B1,2,Campanha-D4F4B6F7,1,AdSet-6CA8CD14,1,Anuncio-DEF80DD8,1,27.6,1168,23,0,0,208,818,0,0,0.0,actions:offsite_conversion.fb_pixel_lead,0,,
2026-06-27,Meta Ads,Cliente-8595A0B1,2,Campanha-D4F4B6F7,1,AdSet-B1087453,1,Anuncio-32A606B5,1,18.0,788,15,0,0,294,649,0,0,0.0,actions:offsite_conversion.fb_pixel_lead,0,,
2026-06-27,Meta Ads,Cliente-AD42A32D,1,Campanha-1605BED1,1,AdSet-F891FAAE,1,Anuncio-2634260D,1,123.6,5150,103,5,0,1959,3904,0,1,120.0,,,,
2026-06-27,Meta Ads,Cliente-AD42A32D,1,Campanha-1605BED1,1,AdSet-F891FAAE,1,Anuncio-293DED4C,2,98.4,12349,246,12,0,1849,8160,0,4,480.0,,,,
2026-06-27,Meta Ads,Cliente-AD42A32D,1,Campanha-1605BED1,1,AdSet-F891FAAE,1,Anuncio-4EC6EBAA,1,205.2,11404,228,11,0,4882,8548,0,3,360.0,,,,
2026-06-27,Meta Ads,Cliente-AD42A32D,1,Campanha-1605BED1,1,AdSet-F891FAAE,1,Anuncio-E9DCB443,1,109.9,7887,157,8,0,833,5352,0,2,240.0,,,,
2026-06-27,Meta Ads,Cliente-AD42A32D,1,Campanha-16CF835F,1,AdSet-4A6E7F00,1,Anuncio-ACD3E146,1,746.2,14377,287,14,0,5062,11452,0,4,480.0,,,,
2026-06-27,Meta Ads,Cliente-AD42A32D,1,Campanha-16CF835F,1,AdSet-6272CAA6,1,Anuncio-A274723C,1,600.6,11554,231,12,0,4571,8637,0,4,480.0,,,,
2026-06-27,Meta Ads,Cliente-AD42A32D,1,Campanha-78D97BE5,1,AdSet-2C3F076D,1,Anuncio-AE1F9355,1,273.0,9752,195,10,0,2720,5833,0,3,360.0,,,,
2026-06-27,Meta Ads,Cliente-AD42A32D,1,Campanha-78D97BE5,1,AdSet-ECF361B8,1,Anuncio-89F19D87,1,35.0,1253,25,1,0,329,764,0,0,0.0,,,,
2026-06-27,Meta Ads,Cliente-AD42A32D,1,Campanha-820B11BE,1,AdSet-9AF72A34,1,Anuncio-74975EB1,1,130.0,3289,65,3,0,701,1881,0,1,120.0,,,,
2026-06-27,Meta Ads,Cliente-AD42A32D,1,Campanha-820B11BE,1,AdSet-EBF937FB,1,Anuncio-C6C8C9C1,1,92.0,2308,46,2,0,807,1546,0,0,0.0,,,,
2026-06-28,Google Ads,Cliente-474CCCE3,1,Campanha-29ECA028,1,AdSet-32A0CF45,1,Anuncio-2FF839A3,1,230.0,5784,115,5.75,690.0,202,0,0,0,0,,,,
2026-06-28,Google Ads,Cliente-474CCCE3,1,Campanha-29ECA028,1,AdSet-32A0CF45,1,Anuncio-9C010327,1,246.0,12312,246,12.3,1476.0,82,0,0,0,0,,,,
2026-06-28,Google Ads,Cliente-474CCCE3,1,Campanha-29ECA028,1,AdSet-32A0CF45,1,Anuncio-A76D1B5E,1,210.0,7046,140,7.0,840.0,81,0,0,0,0,,,,
2026-06-28,Google Ads,Cliente-474CCCE3,1,Campanha-6E08A848,1,AdSet-CEC81128,1,Anuncio-3F3F9234,1,657.5,13186,263,13.15,1578.0,45,0,0,0,0,,,,
2026-06-28,Google Ads,Cliente-474CCCE3,1,Campanha-6E08A848,1,AdSet-D35341B0,1,Anuncio-FC062A4B,1,370.0,7447,148,7.4,888.0,336,0,0,0,0,,,,
2026-06-28,Google Ads,Cliente-474CCCE3,1,Campanha-729BD069,1,AdSet-79BE6F30,1,Anuncio-317F6C10,1,86.8,6216,124,6.2,744.0,362,0,0,0,0,,,,
2026-06-28,Google Ads,Cliente-474CCCE3,1,Campanha-729BD069,1,AdSet-79BE6F30,1,Anuncio-4CF83B7A,1,293.8,11319,226,11.3,1356.0,4,0,0,0,0,,,,
2026-06-28,Google Ads,Cliente-474CCCE3,1,Campanha-729BD069,1,AdSet-79BE6F30,1,Anuncio-B452532A,1,222.4,6960,139,6.95,834.0,330,0,0,0,0,,,,
2026-06-28,Google Ads,Cliente-474CCCE3,1,Campanha-729BD069,1,AdSet-79BE6F30,1,Anuncio-EB7DCF15,1,42.8,5375,107,5.35,642.0,284,0,0,0,0,,,,
2026-06-28,Google Ads,Cliente-474CCCE3,1,Campanha-AB3864A1,1,AdSet-5D96CA07,1,Anuncio-44D65130,1,468.0,11701,234,11.7,1404.0,627,0,0,0,0,,,,
2026-06-28,Google Ads,Cliente-474CCCE3,1,Campanha-AB3864A1,1,AdSet-B4166F22,1,Anuncio-B8431021,1,172.0,4326,86,4.3,516.0,228,0,0,0,0,,,,
2026-06-28,Google Ads,Cliente-474CCCE3,1,Campanha-EEA08F81,2,AdSet-21817692,1,Anuncio-97F07160,1,106.0,13287,265,13.25,1590.0,681,0,0,0,0,,,,
2026-06-28,Google Ads,Cliente-474CCCE3,1,Campanha-EEA08F81,2,AdSet-39668F5E,1,Anuncio-2CD4E792,2,55.2,3451,69,3.45,414.0,168,0,0,0,0,,,,
2026-06-28,Google Ads,Cliente-540F1743,1,Campanha-5FB26883,1,AdSet-75A9934D,1,Anuncio-0BD68F17,1,0.0,12859,257,12.85,1542.0,681,0,0,0,0,,,,
2026-06-28,Google Ads,Cliente-540F1743,1,Campanha-5FB26883,1,AdSet-C9396344,1,Anuncio-71058119,1,0.0,4431,88,4.4,528.0,92,0,0,0,0,,,,
2026-06-28,Google Ads,Cliente-540F1743,1,Campanha-6279950B,1,AdSet-818EA13C,1,Anuncio-2696D408,1,30.4,814,16,0.8,96.0,10,0,0,0,0,,,,
2026-06-28,Google Ads,Cliente-540F1743,1,Campanha-6279950B,1,AdSet-EA6C5DBD,1,Anuncio-B9B3D44A,1,119.7,3168,63,3.15,378.0,146,0,0,0,0,,,,
2026-06-28,Google Ads,Cliente-540F1743,1,Campanha-C4346965,1,AdSet-A39E8884,1,Anuncio-3F957FCA,1,163.9,7462,149,7.45,894.0,109,0,0,0,0,,,,
2026-06-28,Google Ads,Cliente-540F1743,1,Campanha-C4346965,1,AdSet-DDA1CAB0,1,Anuncio-E33942DA,1,83.6,3804,76,3.8,456.0,120,0,0,0,0,,,,
2026-06-28,Meta Ads,Cliente-0D954560,1,Campanha-C132C431,1,AdSet-0E701B9C,1,Anuncio-B54E991E,1,135.2,5204,104,5,0,1349,2908,0,1,120.0,actions:offsite_conversion.fb_pixel_lead,5,default,27.04000000
2026-06-28,Meta Ads,Cliente-0D954560,1,Campanha-C132C431,1,AdSet-FD8E452C,1,Anuncio-281BA058,1,156.0,6016,120,6,0,2240,3481,0,2,240.0,actions:offsite_conversion.fb_pixel_lead,6,default,26.00000000
2026-06-28,Meta Ads,Cliente-0D954560,1,Campanha-E2C66194,2,AdSet-78ECC024,1,Anuncio-1BA82A24,1,132.0,6026,120,0,0,1364,3789,0,0,0.0,,,,
2026-06-28,Meta Ads,Cliente-0D954560,1,Campanha-E2C66194,2,AdSet-F3818FF2,1,Anuncio-1039A314,1,148.5,6797,135,0,0,2190,5385,0,0,0.0,,,,
2026-06-28,Meta Ads,Cliente-1301E036,1,Campanha-5AA632F6,1,AdSet-15C3C269,1,Anuncio-6C40FF24,1,97.2,2719,54,3,0,928,1767,0,1,120.0,video_thruplay_watched_actions,556,default,0.17482014
2026-06-28,Meta Ads,Cliente-1301E036,1,Campanha-5AA632F6,1,AdSet-437F32CF,1,Anuncio-D93BAE53,1,77.4,2192,43,2,0,617,1956,0,0,0.0,video_thruplay_watched_actions,370,default,0.20918919
2026-06-28,Meta Ads,Cliente-1301E036,1,Campanha-942DC529,1,AdSet-20AD549D,1,Anuncio-5488E69D,1,79.2,3312,66,3,0,1327,2628,0,1,120.0,video_thruplay_watched_actions,796,default,0.09949749
2026-06-28,Meta Ads,Cliente-1301E036,1,Campanha-942DC529,1,AdSet-33DED8F4,1,Anuncio-E2BBB95C,1,301.2,12563,251,13,0,4500,8297,0,4,480.0,video_thruplay_watched_actions,2700,default,0.11155556
2026-06-28,Meta Ads,Cliente-1301E036,1,Campanha-A1087A42,1,AdSet-3F3A9FAC,1,Anuncio-08CD3708,1,151.5,10126,202,10,0,2030,7888,0,3,360.0,video_thruplay_watched_actions,1218,default,0.12438424
2026-06-28,Meta Ads,Cliente-1301E036,1,Campanha-A1087A42,1,AdSet-3F3A9FAC,1,Anuncio-19D03D54,1,80.0,16039,320,16,0,2146,11338,0,5,600.0,video_thruplay_watched_actions,1287,default,0.06216006
2026-06-28,Meta Ads,Cliente-1301E036,1,Campanha-A1087A42,1,AdSet-3F3A9FAC,1,Anuncio-1F0B0200,1,130.05,14481,289,14,0,5763,9194,0,4,480.0,video_thruplay_watched_actions,3457,default,0.03761932
2026-06-28,Meta Ads,Cliente-1301E036,1,Campanha-A1087A42,1,AdSet-3F3A9FAC,1,Anuncio-92C2AD5A,1,28.5,1543,30,2,0,593,1086,0,0,0.0,video_thruplay_watched_actions,355,default,0.08028169
2026-06-28,Meta Ads,Cliente-1301E036,1,Campanha-A1087A42,1,AdSet-3F3A9FAC,1,Anuncio-C512F752,1,19.2,1615,32,2,0,617,1207,0,0,0.0,video_thruplay_watched_actions,370,default,0.05189189
2026-06-28,Meta Ads,Cliente-1301E036,1,Campanha-BAA2D61A,1,AdSet-21718E81,1,Anuncio-7E3C39EB,1,57.6,1241,24,1,0,140,763,0,0,0.0,video_thruplay_watched_actions,84,default,0.68571429
2026-06-28,Meta Ads,Cliente-1301E036,1,Campanha-BAA2D61A,1,AdSet-F8D81242,1,Anuncio-9E8F58AB,1,187.2,3934,78,4,0,831,2699,0,1,120.0,video_thruplay_watched_actions,498,default,0.37590361
2026-06-28,Meta Ads,Cliente-6ED105CA,1,Campanha-409E3907,1,AdSet-3E655550,1,Anuncio-0888DFA2,1,63.8,1494,29,1,0,249,944,0,0,0.0,video_thruplay_watched_actions,149,default,0.42818792
2026-06-28,Meta Ads,Cliente-6ED105CA,1,Campanha-86298F91,1,AdSet-1CAEFB1E,1,Anuncio-52861658,1,178.0,8947,178,9,0,2554,8042,0,3,360.0,video_thruplay_watched_actions,1532,default,0.11618799
2026-06-28,Meta Ads,Cliente-6ED105CA,1,Campanha-86298F91,1,AdSet-D6A72598,1,Anuncio-09915A4E,1,87.0,4384,87,4,0,1019,3542,0,1,120.0,video_thruplay_watched_actions,611,default,0.14238953
2026-06-28,Meta Ads,Cliente-8595A0B1,2,Campanha-026778BE,1,AdSet-C451AA6E,1,Anuncio-E5CAFB1B,1,31.35,950,19,1,0,269,641,0,0,0.0,actions:offsite_conversion.fb_pixel_lead,1,default,31.35000000
2026-06-28,Meta Ads,Cliente-8595A0B1,2,Campanha-026778BE,1,AdSet-E02677A8,1,Anuncio-6A27FA82,1,412.5,12516,250,12,0,1141,7580,0,4,480.0,actions:offsite_conversion.fb_pixel_lead,12,default,34.37500000
2026-06-28,Meta Ads,Cliente-8595A0B1,2,Campanha-6C8B5548,1,AdSet-38FD9C4C,1,Anuncio-850EF202,1,115.0,2315,46,2,0,1017,1929,0,0,0.0,actions:offsite_conversion.fb_pixel_lead,2,default,57.50000000
2026-06-28,Meta Ads,Cliente-8595A0B1,2,Campanha-6C8B5548,1,AdSet-D113B19A,1,Anuncio-A30083A9,1,587.5,11761,235,12,0,2062,10430,0,4,480.0,actions:offsite_conversion.fb_pixel_lead,12,default,48.95833333
2026-06-28,Meta Ads,Cliente-8595A0B1,2,Campanha-7435AF3B,1,AdSet-A9531AD0,1,Anuncio-E32DE258,1,264.0,13228,264,13,0,3396,7489,0,4,480.0,actions:offsite_conversion.fb_pixel_lead,13,default,20.30769231
2026-06-28,Meta Ads,Cliente-8595A0B1,2,Campanha-7435AF3B,1,AdSet-AB8B0426,1,Anuncio-DA061972,1,183.0,9152,183,9,0,1465,7188,0,3,360.0,actions:offsite_conversion.fb_pixel_lead,9,default,20.33333333
2026-06-28,Meta Ads,Cliente-8595A0B1,2,Campanha-80EA63AC,1,AdSet-839FE6F8,1,Anuncio-763D8A88,1,80.1,4471,89,4,0,1382,2951,0,1,120.0,actions:offsite_conversion.fb_pixel_lead,4,default,20.02500000
2026-06-28,Meta Ads,Cliente-8595A0B1,2,Campanha-80EA63AC,1,AdSet-839FE6F8,1,Anuncio-AF9B4192,1,144.6,12065,241,12,0,3457,10182,0,4,480.0,actions:offsite_conversion.fb_pixel_lead,12,default,12.05000000
2026-06-28,Meta Ads,Cliente-8595A0B1,2,Campanha-80EA63AC,1,AdSet-839FE6F8,1,Anuncio-F7564EEF,1,39.0,9759,195,10,0,3200,8128,0,3,360.0,actions:offsite_conversion.fb_pixel_lead,10,default,3.90000000
2026-06-28,Meta Ads,Cliente-8595A0B1,2,Campanha-ACFE35BB,1,AdSet-2FA08C4F,1,Anuncio-2FCC58DA,1,447.0,14913,298,15,0,3671,10154,0,5,600.0,actions:offsite_conversion.fb_pixel_lead,15,default,29.80000000
2026-06-28,Meta Ads,Cliente-8595A0B1,2,Campanha-D03279CF,1,AdSet-5DC66742,1,Anuncio-6D0AB7AE,1,204.0,5105,102,5,0,683,3990,0,1,120.0,actions:offsite_conversion.fb_pixel_lead,5,default,40.80000000
2026-06-28,Meta Ads,Cliente-8595A0B1,2,Campanha-D4F4B6F7,1,AdSet-6CA8CD14,1,Anuncio-DEF80DD8,1,2.4,108,2,0,0,18,77,0,0,0.0,actions:offsite_conversion.fb_pixel_lead,0,,
2026-06-28,Meta Ads,Cliente-8595A0B1,2,Campanha-D4F4B6F7,1,AdSet-B1087453,1,Anuncio-32A606B5,1,8.4,384,7,0,0,151,219,0,0,0.0,actions:offsite_conversion.fb_pixel_lead,0,,
2026-06-28,Meta Ads,Cliente-AD42A32D,1,Campanha-1605BED1,1,AdSet-F891FAAE,1,Anuncio-293DED4C,2,126.0,15765,315,16,0,2721,10916,0,5,600.0,,,,
2026-06-28,Meta Ads,Cliente-AD42A32D,1,Campanha-1605BED1,1,AdSet-F891FAAE,1,Anuncio-4EC6EBAA,1,22.5,1257,25,1,0,466,871,0,0,0.0,,,,
2026-06-28,Meta Ads,Cliente-AD42A32D,1,Campanha-1605BED1,1,AdSet-F891FAAE,1,Anuncio-E9DCB443,1,111.3,7954,159,8,0,2800,6557,0,2,240.0,,,,
2026-06-28,Meta Ads,Cliente-AD42A32D,1,Campanha-16CF835F,1,AdSet-4A6E7F00,1,Anuncio-ACD3E146,1,54.6,1077,21,1,0,102,967,0,0,0.0,,,,
2026-06-28,Meta Ads,Cliente-AD42A32D,1,Campanha-16CF835F,1,AdSet-6272CAA6,1,Anuncio-A274723C,1,299.0,5783,115,6,0,1235,4170,0,2,240.0,,,,
2026-06-28,Meta Ads,Cliente-AD42A32D,1,Campanha-78D97BE5,1,AdSet-2C3F076D,1,Anuncio-AE1F9355,1,296.8,10627,212,11,0,2388,7345,0,3,360.0,,,,
2026-06-28,Meta Ads,Cliente-AD42A32D,1,Campanha-820B11BE,1,AdSet-EBF937FB,1,Anuncio-C6C8C9C1,1,454.0,11354,227,11,0,3798,6687,0,3,360.0,,,,
